Kristien,768608,8521 Debra Center,3249712,kspringett0@imageshack.us
Aurlie,561093,3 New Castle Street,6558237,akingsly1@simplemachines.org
Eda,563513,633 Jenifer Plaza,6808073,ekrol2@oracle.com
Arliene,274391,1493 Pennsylvania Street,6067747,atale3@slashdot.org
Scarlett,337532,5 Golden Leaf Center,7779037,srivlin4@nyu.edu
Shandra,590094,43 Mendota Pass,4323713,sfitzsimon5@abc.net.au
Harrietta,607066,8071 Lindbergh Drive,2355901,hcorkhill6@wiley.com
Willette,633173,43647 Gulseth Plaza,7383089,wravelus7@skype.com
Ethelda,383580,842 Dovetail Terrace,3773525,ewinsome8@cloudflare.com
Alex,102671,463 Bluejay Road,7036468,afishenden9@cyberchimps.com
Genvieve,544091,76547 Bay Crossing,1452251,gmacnalleya@dailymail.co.uk
Fifine,453439,444 Grim Center,5531470,fteatherb@ox.ac.uk
Roana,284590,0140 Springs Alley,4015245,rperesc@canalblog.com
Avril,826090,45 Ridge Oak Parkway,2757579,awebberleyd@gravatar.com
Luise,025227,171 Vera Point,3374831,lwonhame@netvibes.com
Ivonne,950736,975 Riverside Road,3704369,ieinchcombef@furl.net
Florie,227610,1854 Lerdahl Trail,1694463,fhingg@yandex.ru
Miguelita,647992,388 Sachtjen Court,6201973,mbazocheh@fotki.com
Vivien,063035,0557 Luster Lane,1830488,vcancellori@lycos.com
Ashil,419112,921 Westport Trail,6219047,adalgettyj@php.net
Kathie,623143,4938 Cherokee Terrace,3564023,khaywoodk@symantec.com
Deeyn,062682,9 Straubel Circle,4721956,dyeldenl@last.fm
Willette,139654,1433 Mitchell Road,2885321,wjancm@princeton.edu
Sharla,746681,97660 Loomis Circle,3761344,shawkwoodn@gmpg.org
Stepha,715858,07735 Kim Street,5261760,scamseyo@businesswire.com
Federica,373783,1 Sycamore Plaza,9800018,fmccuep@who.int
Laryssa,667456,55275 Rigney Street,4177600,lklicherq@aol.com
Nettie,797209,57 Oak Avenue,0183471,nhollebonr@google.com.br
Cybil,150876,565 Hollow Ridge Circle,3513568,cramseys@theatlantic.com
Pammy,983659,28886 Messerschmidt Street,1736384,pshortont@indiegogo.com
Shayla,422400,171 Marquette Avenue,8060089,snorsisteru@webs.com
Ladonna,387129,1393 Blue Bill Park Crossing,0675362,lkochlv@furl.net
Deborah,888832,8369 Buena Vista Junction,8929234,dmartinotw@washingtonpost.com
Hortensia,780218,629 Atwood Avenue,7076622,hboalx@google.es
Mira,498140,4 Beilfuss Street,5599991,mlaurenzy@ox.ac.uk
Anitra,424345,101 John Wall Terrace,5377273,akupkaz@oaic.gov.au
Mamie,654860,5 Trailsway Alley,2865541,mbrambley10@deliciousdays.com
Cherice,430104,40199 Stephen Drive,3339988,ctidball11@discovery.com
Patrizia,627718,890 Sunnyside Trail,4131794,pspenton12@com.com
Vera,719955,1971 Ruskin Drive,3539442,vlyokhin13@histats.com
Carmencita,309932,92 5th Way,8208937,chouse14@vinaora.com
Allison,556328,38 Walton Center,0486676,amcelrath15@kickstarter.com
Cathie,198340,68 Rigney Road,5494498,cseson16@rediff.com
Caroljean,944834,89284 Main Street,4358755,cdovidaitis17@timesonline.co.uk
Ediva,600862,902 Fieldstone Hill,8492827,escollard18@issuu.com
Tobi,136726,958 Clarendon Drive,5072583,tvanbrugh19@about.com
Cecily,649866,038 Thackeray Trail,5956178,cweond1a@blogspot.com
Bethany,555361,1644 Independence Street,2471358,bcrosthwaite1b@naver.com
Jolene,306104,82925 Oakridge Point,2864471,jsumpton1c@google.nl
Melisande,096121,0 Delladonna Park,1307622,myushkin1d@opensource.org
Janie,550828,20835 Moose Alley,3816878,jstaniforth1e@pagesperso-orange.fr
Rosalia,717161,04 Helena Lane,9471225,rbradley1f@edublogs.org
Maude,087002,6 Ridgeway Court,8351936,mcantos1g@bigcartel.com
Clarey,316288,80536 Havey Junction,6573248,cmatessian1h@stanford.edu
Casie,030546,18633 Eagle Crest Parkway,0950884,clargent1i@slideshare.net
Lind,587796,1 Carey Drive,3240565,ldegregoli1j@shop-pro.jp
Florencia,872512,406 Upham Parkway,6670641,fmadison1k@bbc.co.uk
Twyla,448733,8671 Trailsway Street,1675142,tscallan1l@ihg.com
Desiri,908779,0 Eagle Crest Way,1913389,dlangthorne1m@histats.com
Nanci,784166,51 Pond Circle,0976679,ndemange1n@google.pl
Florence,447714,273 Manufacturers Junction,7260793,fbensusan1o@moonfruit.com
Daisy,482475,3 Homewood Crossing,6670823,dpaterson1p@nbcnews.com
Tatiania,672647,10613 Hansons Way,3448420,trozea1q@kickstarter.com
Erena,987155,48 Continental Circle,8276031,eyeliashev1r@fotki.com
Charlotte,324229,7835 Jenna Parkway,6511067,crouby1s@comsenz.com
Amie,348750,35246 Vermont Parkway,0257965,aprenty1t@stumbleupon.com
Jeanelle,249231,1 7th Park,0405781,jtomczak1u@ed.gov
Tabbitha,137728,0881 Summer Ridge Road,7468020,tferenczi1v@bluehost.com
Roda,138644,627 Moland Circle,1149944,rwhittle1w@altervista.org
Ardine,929174,7728 Messerschmidt Street,6245634,abasler1x@independent.co.uk
Carolin,882903,72440 Bobwhite Plaza,6968609,cknapton1y@salon.com
Hestia,168730,188 Fallview Lane,8212226,htoler1z@shinystat.com
Ginnifer,095318,05506 Declaration Trail,5671326,gschout20@un.org
Cassandry,032234,16 Northfield Center,1590396,cpeerless21@thetimes.co.uk
Maure,172741,39 Susan Place,6522860,mdorgon22@time.com
Delcina,025425,943 Prentice Junction,3641940,dchsteney23@geocities.jp
Merla,043821,6430 Shoshone Drive,9709993,mruslinge24@hud.gov
Alyss,131497,61220 Fieldstone Plaza,7299292,abruin25@devhub.com
Betty,446533,15 Meadow Vale Center,5357118,bdaulton26@whitehouse.gov
Estelle,759727,363 Autumn Leaf Point,8110802,estave27@toplist.cz
Janeczka,154269,26 Meadow Vale Drive,6804992,jbrosnan28@si.edu
Elysha,598422,18 Stoughton Way,7518364,eellerton29@newsvine.com
Janessa,095411,80 Ridgeview Plaza,3121162,jcarlisle2a@amazon.de
Morganica,399964,93 Monument Drive,9900076,mmcgeown2b@blogtalkradio.com
Alecia,915894,780 Atwood Circle,5895260,abaccup2c@cpanel.net
Melamie,882106,4 Nancy Alley,0559953,mbeckerleg2d@hud.gov
Carissa,587934,9 Lake View Park,0447149,cfarlane2e@domainmarket.com
Dotty,510134,01447 Kennedy Court,3928415,danwell2f@squidoo.com
Myrtie,024474,408 Artisan Circle,6090720,mgoublier2g@quantcast.com
Ulrika,355616,48 Hayes Trail,7708872,urickwood2h@ucoz.com
Una,954382,437 Hudson Terrace,7974245,uforestall2i@craigslist.org
Lacy,351949,537 Spohn Point,7900709,lseear2j@eventbrite.com
Velvet,719183,4961 Hoepker Trail,0586282,vbawdon2k@bandcamp.com
Korney,098339,0 Express Pass,4008378,khalvosen2l@yolasite.com
Dari,288812,15 Paget Crossing,0281336,dhext2m@homestead.com
Beth,316752,16 Kim Parkway,3854525,bcarlett2n@reuters.com
Carlye,378671,9 Jenna Hill,8178638,cmckevany2o@nasa.gov
Shandie,588513,98 Homewood Pass,1517957,sferreli2p@ucoz.com
Bobbie,693448,207 Scott Way,9846940,bbute2q@pcworld.com
Fanni,890058,0313 Birchwood Place,8872034,fmoff2r@sogou.com
Emily,657053,20 Johnson Way,3579688,edoward2s@boston.com
Avis,556540,6 Reinke Lane,5692255,aridde2t@unicef.org
Bevvy,930286,97 Debra Place,7878501,bcurran2u@google.co.jp
Cecelia,123556,11850 Reindahl Hill,0108507,cpoultney2v@squidoo.com
Mirabelle,091151,871 Mcbride Crossing,7234448,mchomicki2w@va.gov
Josephine,700151,69166 Mccormick Center,0037328,jboutell2x@flavors.me
Polly,458543,8 Starling Way,5720392,ppeverell2y@com.com
Eartha,260215,414 Truax Drive,1381049,edrayton2z@webeden.co.uk
Krista,068564,1442 Chive Pass,1282577,kburgne30@jiathis.com
Helyn,302899,0 Bashford Avenue,7253167,hyakunkin31@opensource.org
Deeyn,598711,75 Artisan Point,6705241,dlamberth32@51.la
Emmy,162028,8343 Macpherson Point,0175727,epeltz33@youtube.com
Isidora,863870,8263 Emmet Pass,1617344,ichalliss34@addthis.com
Lidia,559427,3 Scoville Street,3619854,lgallihaulk35@typepad.com
Kimberley,759443,08967 Morningstar Place,3657527,kgoretti36@scribd.com
Ardith,382853,117 Comanche Avenue,3059882,akitley37@t-online.de
Karlee,984724,318 Village Crossing,3478907,kgocher38@tuttocitta.it
Elwira,520169,8727 Ridgeview Parkway,9512186,ereidshaw39@alibaba.com
Riane,223873,14457 Fieldstone Point,7122200,rolyunin3a@usa.gov
Yevette,622986,8340 Main Park,1932275,yoakeshott3b@ucoz.com
Charmaine,062224,49976 Boyd Point,6344389,cantonacci3c@canalblog.com
Sissy,869202,431 Hazelcrest Hill,3831586,ssoigoux3d@instagram.com
Juanita,134247,1984 Bartelt Point,3144172,jmossdale3e@admin.ch
Linnea,127272,731 Randy Park,3342021,lbugdale3f@multiply.com
Jess,285537,84 Moland Plaza,7630533,jgabbett3g@usgs.gov
Anselma,001861,23432 Porter Road,9493858,ayakovliv3h@ucla.edu
Maryrose,619663,96969 Anthes Court,6432064,mkleen3i@latimes.com
Beth,397691,56 Talmadge Circle,6636667,bbeckson3j@latimes.com
Elspeth,226231,4483 Sunfield Junction,4230929,ejelly3k@bizjournals.com
Elsa,918018,11 Forest Center,0223317,esteedman3l@mysql.com
Frederica,368175,4 Emmet Road,3378070,fgianuzzi3m@geocities.jp
Annabel,465803,09 Pearson Pass,9056268,acloney3n@npr.org
Toma,232420,50 Annamark Point,6525105,tmckern3o@i2i.jp
Rafaela,947406,4045 Coolidge Terrace,9168425,rlewendon3p@cafepress.com
Lesli,335484,7927 Amoth Street,8229657,lflips3q@ebay.com
Carolynn,090957,9245 Pearson Point,1471311,cbonfield3r@usda.gov
Cassondra,491425,2235 Caliangt Crossing,2817455,colivello3s@1und1.de
Malinda,642357,1 Warner Avenue,0887839,mgaffer3t@1und1.de
Leilah,868711,6 Ronald Regan Center,5730780,lateggart3u@reuters.com
Issie,498962,443 Gateway Lane,6954065,ihaskayne3v@youtu.be
Cynthia,054897,51 Shoshone Avenue,7175783,clindro3w@vinaora.com
Karlyn,628236,4725 Lakewood Gardens Road,4163414,kslora3x@hp.com
Darsie,408245,196 Hansons Alley,3993935,dyurshev3y@abc.net.au
Nicole,133009,68 Bunker Hill Alley,0805406,nkelson3z@hp.com
Lyndel,905974,0 Oxford Plaza,7095014,llinn40@netlog.com
Dory,250892,2242 Bluejay Way,5361907,dsurguine41@bloglovin.com
Benoite,083149,7 Tony Plaza,3805616,bhartshorne42@foxnews.com
Chantal,136273,0 Dunning Street,8721876,cnunns43@mapy.cz
Elva,976031,62192 Lerdahl Parkway,9006760,echadband44@bloglines.com
Harri,131058,9 Colorado Court,5618992,hschreurs45@amazon.de
Edy,634009,24 Arrowood Alley,3449237,ewehner46@fastcompany.com
Marje,090014,7 Farragut Pass,4239421,mpiscopiello47@amazon.de
Peg,722448,19 Hoard Road,9992394,pfogg48@cisco.com
Kerry,516678,967 Stone Corner Trail,6436386,kkas49@time.com
Cosetta,823242,09425 Iowa Lane,5002800,clarcombe4a@cnn.com
Marcie,138185,3 Packers Plaza,9573601,mkeener4b@redcross.org
Mela,753488,49 Washington Parkway,1569153,mhawton4c@chicagotribune.com
Jany,793401,25392 Arapahoe Park,2100238,jwindsor4d@myspace.com
Rhetta,200595,1770 Clemons Plaza,7071596,rrape4e@foxnews.com
Jeannine,174443,16 Sunfield Road,3511409,jkrzyzanowski4f@gov.uk
Christabel,129292,1 Marquette Court,6311915,creyna4g@phoca.cz
Ardyce,893154,5 Merchant Terrace,2356629,acasella4h@howstuffworks.com
Dre,282776,354 Ilene Parkway,5060894,dleathers4i@dailymotion.com
Clementia,533114,49822 Meadow Vale Circle,5629643,ccarne4j@umn.edu
Garland,104535,50 Dahle Way,6471115,gspat4k@dot.gov
Jere,767828,4154 Memorial Center,6195246,jmcpeeters4l@slideshare.net
Kiley,767452,9 Maywood Parkway,7133098,kmaciaszek4m@mozilla.org
Vicky,173231,50 Kim Pass,2412843,vconing4n@flavors.me
Genni,675947,19754 Sundown Pass,6512379,gkondrat4o@over-blog.com
Ninette,973607,10561 Dayton Center,1408047,nwahner4p@typepad.com
Wallis,336179,24158 Buhler Terrace,9114469,wdore4q@weibo.com
Kyle,434354,9839 Debra Parkway,1313454,kemmanuel4r@ibm.com
Norean,127609,7233 Sugar Junction,1680094,ncostell4s@delicious.com
Sally,076183,7885 Lunder Hill,7417473,surling4t@google.com
Cissy,392714,97 Debs Alley,9628589,candreacci4u@free.fr
Ruthi,226904,21 Scoville Plaza,4301238,rpolon4v@nyu.edu
Deana,892834,732 Brickson Park Pass,6284515,dsango4w@dedecms.com
Jobi,206832,299 Buhler Junction,4307353,jfursse4x@usa.gov
Shelby,521519,27650 Bartillon Parkway,9401851,smoorrud4y@vkontakte.ru
Jane,854599,528 Gale Crossing,3364669,jpawlick4z@bravesites.com
Siobhan,652336,606 Upham Court,7452639,sbenner50@miibeian.gov.cn
Amberly,550475,1456 Monica Alley,1629158,abrownhill51@arstechnica.com
Rozella,529267,75 Mockingbird Junction,1069755,rleech52@bbc.co.uk
Jerrine,727049,70612 Maywood Street,5932785,jread53@europa.eu
Joana,850623,8521 Eastwood Center,0805735,jemsden54@theglobeandmail.com
Catrina,812075,78551 Dunning Road,4995688,cwitt55@sfgate.com
Correy,420551,8137 Michigan Parkway,4973572,cmarcos56@sina.com.cn
Jillie,548558,4063 Mayfield Trail,2048077,jjennemann57@arstechnica.com
Olympia,390431,03878 Spenser Terrace,2111753,okonzelmann58@pbs.org
Laurella,865379,88 Fuller Alley,7891248,lgayton59@wordpress.com
Vilma,519878,5 Crownhardt Avenue,7726496,vdury5a@kickstarter.com
Celinka,581440,53 Hauk Street,4392779,cleadstone5b@fotki.com
Romonda,999175,44189 New Castle Street,7044884,rkerford5c@mlb.com
Karlie,128421,99728 Maple Wood Alley,2780453,keytel5d@twitter.com
Jillene,649634,10 Sachtjen Road,9748938,jjakubiak5e@usgs.gov
Amitie,274643,19 Luster Point,3043918,ascreech5f@newyorker.com
Catlee,190395,3455 Melrose Road,1865706,cjepson5g@pinterest.com
Corabelle,612483,93 Fisk Court,4815444,ccuppleditch5h@theatlantic.com
Ciel,411531,5 Morning Lane,9063147,cmcquade5i@dropbox.com
Augusta,079303,11879 Oriole Court,1759942,aoakinfold5j@qq.com
Leodora,377346,005 Holmberg Lane,1160597,lpounsett5k@squidoo.com
Leona,067887,477 Old Shore Plaza,6567245,lmoresby5l@apple.com
Bobbye,221503,215 Crest Line Avenue,5503291,bgeall5m@economist.com
Norri,846488,6 Pond Alley,7314727,nsebborn5n@samsung.com
Timi,686380,62 Milwaukee Hill,5011037,twrate5o@washington.edu
Kailey,891062,23290 Emmet Drive,2168283,kjamson5p@weather.com
Wini,253439,95600 Victoria Plaza,1251896,wbirtwisle5q@pen.io
Renie,219468,79049 Donald Park,3435324,rrowledge5r@bbc.co.uk
Lurette,778854,5 Oakridge Point,3095513,lmacak5s@mashable.com
Mellisa,821432,686 Maryland Circle,1041880,mhurlston5t@arstechnica.com
Fallon,461410,06 Holy Cross Place,1265867,fmusicka5u@goodreads.com
Martelle,045787,2 Killdeer Point,3652747,mferri5v@webs.com
Gillian,057989,27 Elka Alley,2164268,gestoile5w@bluehost.com
Jackquelin,119307,66111 Crescent Oaks Terrace,3898162,jdegg5x@google.com.au
Letitia,190398,20 Sachtjen Plaza,7586960,lelford5y@china.com.cn
Starla,359714,7857 Bunting Point,3492289,ssantora5z@indiegogo.com
Marinna,205854,1 Thackeray Lane,3906476,mdeignan60@friendfeed.com
Renate,989291,851 Talisman Plaza,5034767,rrosin61@samsung.com
Gilli,075446,6 Logan Lane,8872420,ghazeldean62@eepurl.com
Farah,051959,042 Troy Drive,6140256,fohartagan63@newsvine.com
Kaela,732514,95112 Schlimgen Court,6814798,knoden64@columbia.edu
Daveen,772740,2567 Green Ridge Plaza,5922060,dmacallam65@4shared.com
Nadine,829055,2 3rd Trail,5986868,nayer66@1688.com
Candide,669307,77 Hoffman Drive,5677621,cgreet67@booking.com
Demetris,876127,86 Glendale Street,5885148,dkirrens68@techcrunch.com
Krysta,809295,844 Ruskin Park,5203953,kblunt69@odnoklassniki.ru
Grace,497382,263 Loomis Lane,8867247,gclemencon6a@engadget.com
Steffie,820119,99 Westerfield Pass,4498908,scadreman6b@addtoany.com
Marylynne,504368,54265 Starling Hill,2946187,msemered6c@epa.gov
Anya,284205,7291 Forster Avenue,5148025,amease6d@cpanel.net
Elly,725241,701 Manufacturers Court,8324967,ebirkenhead6e@meetup.com
Margie,548199,16 Delladonna Park,9208926,mhardwich6f@ucla.edu
Kelci,563718,96 Birchwood Street,8392214,kgrishenkov6g@lulu.com
Angelique,597049,6557 Brown Pass,6193563,aoleszczak6h@webnode.com
Kaitlynn,625194,8204 Havey Street,3743523,kdymott6i@issuu.com
Emmi,047594,2 Mitchell Junction,9947815,emadison6j@yolasite.com
Kit,952718,650 Scott Lane,6655153,klyst6k@usgs.gov
Phillida,962876,814 South Place,1786822,pbeaman6l@simplemachines.org
Addia,610582,44530 Roth Pass,2558142,askeffington6m@hatena.ne.jp
Halie,607268,0 Delaware Court,7063534,htampin6n@usnews.com
Berthe,700607,13034 Columbus Lane,8324226,bsemour6o@gnu.org
Conchita,955891,712 Kennedy Plaza,5111215,cjaniak6p@qq.com
Maryann,284873,4394 Michigan Center,3736870,mcharrette6q@diigo.com
Cristine,465351,8 Sachs Drive,2145346,cbartolacci6r@cisco.com
Minetta,107293,53717 Luster Trail,4544055,mbickerton6s@craigslist.org
Ricky,448345,8 Dahle Plaza,8631660,rspeerman6t@nba.com
Jerrilyn,293159,0 Service Lane,5368299,jwiley6u@illinois.edu
Brandea,822074,1 Dexter Road,8941603,bleisk6v@zdnet.com
Drucie,766036,029 Arrowood Plaza,4288993,dchevis6w@dailymail.co.uk
Suzette,665810,71321 Sachtjen Road,9362101,sleiden6x@dmoz.org
Malissa,002247,62 Mockingbird Circle,0704487,mmcgillivrie6y@live.com
Melisa,589753,46 Cordelia Hill,2635654,msommerlin6z@cdc.gov
Christan,533096,2 Gina Circle,5841909,crichel70@amazon.de
Inessa,661447,71 Mcguire Lane,9173685,iwarwicker71@youtube.com
Shandie,853847,2 Dorton Drive,8167769,scatlow72@rambler.ru
Stoddard,841815,531 Elmside Road,3987223,sbaunton73@cargocollective.com
Brandise,986651,33 Stephen Road,6298468,bbenko74@twitpic.com
Sherye,554062,1355 Eliot Circle,1522043,splaunch75@godaddy.com
Dahlia,901998,34 Schurz Crossing,3875100,dtighe76@reuters.com
Sherri,155187,2 Basil Street,5288137,soleary77@sina.com.cn
Leila,274088,76747 Clove Point,2709196,lscarth78@nps.gov
Drusie,349320,40 Commercial Point,1053709,dkarpenko79@hexun.com
Lorie,034494,7 Browning Park,5784417,lselman7a@springer.com
Dorisa,749548,8072 American Avenue,8252814,dbroose7b@storify.com
Jackie,002417,5394 Moose Court,4194238,jdeblase7c@nasa.gov
Helyn,830540,22821 Lotheville Center,8212749,hlowry7d@ustream.tv
Megen,406538,2 Thierer Way,7547882,mtaylo7e@seattletimes.com
Tiertza,159514,39 Kedzie Lane,2377163,tburrus7f@cbslocal.com
Kevyn,681200,9540 Doe Crossing Road,6677008,kcurry7g@themeforest.net
Julianne,771133,2 Pawling Circle,0136067,jwilbore7h@washington.edu
Amanda,846665,75310 Jackson Road,5885046,aoakwell7i@is.gd
Giulia,282310,5687 Rusk Plaza,5208193,gmalletratt7j@wikia.com
Eryn,601696,79314 Forest Dale Street,9389306,ecomiskey7k@bravesites.com
Dniren,664207,72557 Marcy Way,4345188,dhurlestone7l@huffingtonpost.com
Dena,141019,9 Clarendon Court,3840838,dshapcott7m@newyorker.com
Gwenore,348194,0265 Forster Lane,6664009,gjoselovitch7n@omniture.com
Juliana,063412,31584 Hayes Junction,3840294,jdonizeau7o@bbc.co.uk
Karyn,733884,9 Division Street,7341240,knoirel7p@alibaba.com
Joleen,929838,1 Texas Alley,4526644,jpooke7q@hatena.ne.jp
Marya,450771,02576 Spenser Place,7767368,mdollen7r@moonfruit.com
Philis,875017,246 Dunning Point,4914852,pminihane7s@cafepress.com
Rois,548789,8 Sunnyside Drive,1772525,rmattimoe7t@about.me
Dianne,404429,4134 Daystar Crossing,5959669,dmulhall7u@squidoo.com
Gertrude,092682,5129 Pearson Plaza,7082439,gboolsen7v@skype.com
Dacy,484632,339 Eliot Junction,2289264,dverty7w@rambler.ru
Sisile,043858,7 Northport Way,9743372,spillifant7x@netvibes.com
Kaila,476103,10 Shopko Junction,5593641,kmarzello7y@ca.gov
Eyde,143162,769 Del Mar Parkway,2677090,eshieldon7z@ibm.com
Elke,589844,433 Artisan Pass,8800843,erutley80@yandex.ru
Felecia,549498,41549 Commercial Court,1535291,fcowlin81@wikimedia.org
Eula,539277,89 Tony Court,7949050,epellingar82@newsvine.com
Fredi,488929,34 Barby Circle,2610142,fhendricks83@redcross.org
Vitia,245976,53353 Cottonwood Drive,0311420,vmccaskill84@spotify.com
Agneta,827956,54178 Monterey Terrace,8806361,abelf85@businesswire.com
Ameline,220422,2622 Menomonie Road,8682648,atrewinnard86@posterous.com
Thea,618072,26 Washington Drive,0599397,tboncoeur87@washingtonpost.com
Chiquita,699652,5 Dottie Plaza,1597456,cfrohock88@mayoclinic.com
Nathalia,773146,6 Continental Junction,0972105,ndiable89@delicious.com
Etta,328576,83380 Daystar Junction,2037410,eelcoate8a@diigo.com
Eliza,023107,27836 Luster Road,4712945,edeeves8b@globo.com
Louisette,588845,6 Gina Point,7339624,lporritt8c@eepurl.com
Maribel,972123,128 Eagle Crest Parkway,6534777,mgould8d@alexa.com
Cassie,152545,601 Artisan Drive,0902733,clanger8e@altervista.org
Chlo,918445,61 Donald Trail,0628316,csellens8f@thetimes.co.uk
Alma,415154,352 Nobel Alley,3914692,avicker8g@disqus.com
Marla,572242,0806 Kensington Trail,0493661,mheggison8h@cafepress.com
Janina,871421,4 Oneill Parkway,6836486,jstorie8i@hp.com
Stacey,779747,006 Fairfield Plaza,7829561,sbellham8j@51.la
Margit,515207,7577 Burning Wood Parkway,4832362,mjoron8k@nps.gov
Querida,301154,34451 Shoshone Road,3149184,qdensumbe8l@xrea.com
Audry,314015,24074 Granby Circle,5932478,apitchford8m@shutterfly.com
Rea,424469,760 Calypso Avenue,8204334,rtheodoris8n@live.com
Melinda,096547,38 Beilfuss Junction,0674976,mscrivinor8o@ted.com
Bettina,658856,96785 Morningstar Junction,4353482,bohogertie8p@sphinn.com
Esmaria,640983,54999 Weeping Birch Center,9781720,eschwandner8q@marketwatch.com
Madlen,759443,14898 Dawn Parkway,7167823,mblaxall8r@wikimedia.org
Dinah,132283,989 Kinsman Drive,3821542,dfrayn8s@cocolog-nifty.com
Serene,706710,20128 Anthes Center,6501657,spassman8t@instagram.com
Magda,657144,7 Spaight Park,4836296,mbortolini8u@ibm.com
Daron,529366,88914 Mifflin Way,7530002,dlineker8v@noaa.gov
Nike,678122,67760 Sachs Street,7843515,narendt8w@whitehouse.gov
Pierrette,257328,1 Farragut Court,2584762,pmillichap8x@mashable.com
Margaretha,746524,0127 Leroy Hill,3818949,mshreenan8y@irs.gov
Issie,892886,80 Monica Avenue,9720142,imoore8z@toplist.cz
Gillian,153018,322 Harbort Pass,7840131,gfitzsymon90@fotki.com
Stace,672991,906 Elmside Circle,6846142,slittlejohn91@cyberchimps.com
Constantina,311870,448 Shelley Lane,8881048,cbroun92@yandex.ru
Astra,418253,8 Corry Trail,6594709,afitzsymonds93@elegantthemes.com
Eveleen,042984,6320 Hazelcrest Trail,2325814,ebohl94@archive.org
Linnea,512357,474 Victoria Court,4468119,lgowers95@whitehouse.gov
Dulcine,649831,91 Old Shore Alley,1943499,divkovic96@cdbaby.com
Ruby,804258,67 Spenser Trail,7852229,rtrain97@blogspot.com
Katrina,556287,4 Shasta Point,1113498,kgibbings98@photobucket.com
Keslie,179765,068 Clyde Gallagher Alley,2221001,kwhisson99@hostgator.com
Hortensia,779458,6 Arrowood Place,2830162,hkiggel9a@alexa.com
Kellen,276414,1915 Talisman Point,6156623,kdobbyn9b@mapy.cz
Kat,895111,4 Grasskamp Terrace,5579401,kantoniades9c@cnn.com
Janette,824674,409 Spaight Crossing,4866684,jhudel9d@ovh.net
Kati,287952,72 Sauthoff Place,2799565,kswapp9e@privacy.gov.au
Kelcy,724588,684 Moulton Avenue,4130623,kfrearson9f@usatoday.com
Risa,919886,5145 Spaight Drive,0800035,rchuck9g@noaa.gov
Irena,656862,06491 Tennyson Lane,4905107,imundford9h@facebook.com
Amalie,113671,69 High Crossing Park,0720035,apakeman9i@virginia.edu
Robinet,007998,69 Dennis Alley,3266843,rmclugaish9j@microsoft.com
Felicdad,668649,98 Schiller Way,7456224,fpanter9k@who.int
Phoebe,758783,88246 8th Place,2963582,poakhill9l@google.pl
Dodie,028473,3 Westend Alley,3115967,dgaspard9m@altervista.org
Regine,825401,90 Oxford Place,5281295,rhestrop9n@cdc.gov
Betty,005833,0616 Forster Junction,9734486,byankeev9o@bigcartel.com
Corrie,213413,3381 Oak Valley Trail,2443499,cweatherhogg9p@mozilla.com
Emelda,949418,19818 Scofield Point,8676384,eshead9q@aol.com
Ivory,770088,52 Monica Parkway,8488934,iamos9r@springer.com
Alyson,177306,93389 Park Meadow Court,7610119,awellan9s@google.cn
Ermentrude,062081,9669 Hagan Junction,0194452,eeeles9t@yolasite.com
Brana,401653,50 Oakridge Way,9895238,bdurn9u@pcworld.com
Riannon,842723,1840 Riverside Center,7243227,rblofeld9v@buzzfeed.com
Wynnie,773849,86 Hansons Plaza,8167818,wshillabear9w@ezinearticles.com
Lise,673033,01 Continental Parkway,7847310,lcurnokk9x@tumblr.com
Kaylil,311236,5 Towne Street,7446342,khalpin9y@canalblog.com
Melodie,550855,3382 Fieldstone Park,3582669,mrutherford9z@blogspot.com
Jorry,991349,350 Ridgeview Hill,0820091,jraffertya0@parallels.com
Cristin,236863,347 Bobwhite Alley,6494376,cbosdeta1@prlog.org
Cecilia,372634,428 South Terrace,0108413,cdreighera2@feedburner.com
Cordelia,255273,45 Thackeray Plaza,8589021,cswaffielda3@cdc.gov
Orel,115555,9 Hoard Junction,9924040,oshortalla4@ox.ac.uk
Cissiee,542677,3 Helena Street,6119924,cbentzena5@princeton.edu
Dianne,319007,93969 Harbort Point,4243406,dstadinga6@engadget.com
Lacy,681353,865 Bultman Crossing,7492080,lbaulta7@w3.org
Maighdiln,659743,8370 Melby Park,4024989,mburchatta8@ca.gov
Roseline,042019,37498 Burrows Crossing,8523022,rvariana9@google.de
Maris,196820,807 Moland Road,7477395,mlettleyaa@va.gov
Cecilla,347478,086 Jana Parkway,6909387,cdurtnallab@woothemes.com
Sibel,724645,34 Forster Drive,5265034,saizkovitchac@sohu.com
Taffy,048452,3501 Maryland Street,8589731,tloderad@fotki.com
Rebeka,901625,35 Cardinal Drive,4635775,rkimptonae@state.gov
Dorris,697669,174 Barby Alley,0494050,dmaydwayaf@amazon.co.jp
Brittne,241556,2008 Farwell Road,4070564,bpiserag@si.edu
Klarika,570065,7 Burrows Terrace,9153340,kmastrantoneah@reverbnation.com
Ernesta,795504,593 Mayfield Junction,7025757,efannerai@is.gd
Koralle,701111,2 Green Court,2725603,kjenkinaj@tumblr.com
Ginny,641575,6119 Jackson Park,5698584,giansonak@jugem.jp
Christan,797525,1131 Golden Leaf Crossing,1458300,cpotzoldal@gizmodo.com
Shawna,371438,566 Prentice Park,7560596,shughsam@hp.com
Mead,928311,488 Russell Pass,2908505,mguerreruan@alexa.com
Carlota,218145,64 Sauthoff Junction,9431709,ctrowellao@hibu.com
Nikolia,424906,0614 Maryland Street,1636939,nrideap@unc.edu
Mel,986946,6135 Trailsway Drive,0446865,mmacleanaq@arstechnica.com
Rhiamon,966333,8 Dryden Terrace,7792502,rwinspurar@admin.ch
Nannie,635876,677 Upham Plaza,6918407,nstiantas@microsoft.com
Lexine,676690,27 Donald Lane,1861393,lglazebrookat@naver.com
Shelby,832961,18512 Di Loreto Hill,4050374,sparmeterau@yelp.com
Rochell,034881,48 Old Gate Way,7738410,rpounsettav@earthlink.net
Ernaline,341966,88 Sullivan Terrace,2630936,ejudgkinsaw@tamu.edu
Olenka,447711,52296 Crownhardt Avenue,4834854,omizziax@tmall.com
Rhetta,022112,36 Center Court,8312852,rtyremanay@xing.com
Anallese,400281,6770 Butternut Alley,5417471,adabsaz@dell.com
Edita,190687,9434 Kenwood Drive,6644050,ekeneleysideb0@unblog.fr
Verena,958919,8740 Killdeer Point,8937311,vsleighb1@ibm.com
Donica,421237,5 Steensland Park,6322905,dclayhillb2@g.co
Imogene,586061,8291 Esker Court,7105194,izimmerb3@mac.com
Paulina,575021,6008 Badeau Park,7342590,ppierrib4@clickbank.net
Consuela,332458,1605 Manley Parkway,6104854,chammorb5@studiopress.com
Chloe,842696,08480 Kennedy Point,5835899,cbloxholmb6@plala.or.jp
Rosemarie,956630,80319 Anzinger Park,6052483,rzecchinib7@chron.com
Robinetta,879729,4601 Packers Parkway,1904191,rlindelofb8@cpanel.net
Anne-marie,012081,036 Ronald Regan Circle,6565620,abalfeb9@washingtonpost.com
Charlot,923981,97 Mayfield Place,5159666,cwaslingba@gnu.org
Dyan,484438,0615 Kim Point,8356010,dgeorgievskibb@dagondesign.com
Lizzy,152387,143 Becker Crossing,4194289,lthornhambc@elegantthemes.com
Joni,524910,620 Tomscot Drive,5251944,jpadefieldbd@list-manage.com
Larisa,372289,4 Manufacturers Junction,0882748,lgarmbe@gravatar.com
Codie,242826,4380 Kim Center,3808708,cbaisebf@unblog.fr
Paolina,770694,87 Eagle Crest Plaza,3996849,ptunnacliffebg@wikipedia.org
Cassy,277376,001 Main Drive,5634523,cparkynsbh@shutterfly.com
Andromache,051297,02 Browning Avenue,5874755,apashanbi@google.fr
Nissa,582293,88 Evergreen Court,1877294,noxendenbj@weibo.com
Moira,766287,25499 Forest Dale Junction,1699013,mwinterbothambk@geocities.com
Danila,413824,5 Milwaukee Center,8505833,dbassillbl@aol.com
Adriana,808731,8 Lerdahl Junction,9663444,avazquezbm@msn.com
Harriet,629369,493 Stone Corner Road,3953456,hfrazierbn@nasa.gov
Gennifer,269514,2228 Chive Center,1032654,gsabatebo@lulu.com
Lucina,018985,4 Anderson Plaza,8470955,lhosburnbp@de.vu
Hyacinthie,633996,969 East Way,9374186,hdilstonbq@jugem.jp
Charleen,099941,0 Stephen Pass,0143519,clinfittbr@topsy.com
Katy,352277,8768 8th Way,1273398,kkitneybs@skyrock.com
Nixie,775601,963 Spenser Street,8637397,nchurchillbt@howstuffworks.com
Perla,134207,41 Crowley Junction,5655247,pgethinsbu@histats.com
Eudora,290619,94588 Corry Center,7817153,earmatidgebv@mediafire.com
Domeniga,461009,155 Sheridan Court,4430413,dcraigbw@narod.ru
Denny,724115,8388 Delaware Point,5814055,dinglebx@wp.com
Allyce,971255,57145 Graedel Plaza,8612846,aleminby@mac.com
Larine,927050,59659 Chinook Terrace,3789529,lralstonbz@time.com
Christyna,121462,879 Manley Crossing,4853961,cbrunkec0@hatena.ne.jp
Angie,501316,36 Calypso Avenue,6267795,adenersc1@de.vu
Kacey,738549,6 Troy Crossing,4424493,knaisbitc2@xing.com
Danila,462048,256 Buhler Lane,0622763,dmattheeuwc3@webeden.co.uk
Amabel,996802,3655 Fordem Crossing,0655546,anewsomec4@cbsnews.com
Eleonora,263694,805 Vermont Lane,8372383,epolinic5@nasa.gov
Toni,262696,5367 Kennedy Crossing,3967222,troxbeec6@clickbank.net
Jocelin,858865,7 Miller Way,2872919,jfildec7@clickbank.net
Stephani,732856,626 8th Park,1284668,sdumbartonc8@networkadvertising.org
Camile,021841,682 Eastwood Center,1994863,crohfsenc9@huffingtonpost.com
Eirena,802005,842 Daystar Alley,3738449,eoscannillca@ebay.co.uk
Kipp,811737,1 1st Alley,3991594,kcatlingcb@friendfeed.com
Verine,610894,21 Surrey Plaza,8310902,vmcconnachiecc@ed.gov
Harrietta,818035,3891 Dahle Way,6299351,hattoncd@prnewswire.com
Andromache,154923,85 Dakota Center,9546938,akoopce@taobao.com
Cassaundra,064983,79 Sherman Parkway,0737725,cglynecf@whitehouse.gov
Calida,077280,51 Trailsway Park,9048564,cskimcg@homestead.com
Melina,028417,2 Mockingbird Trail,0203263,mcopseych@msn.com
Martguerita,470989,3 Tomscot Lane,0653355,mbroughtonci@ameblo.jp
Odelle,351107,790 Kinsman Court,3519013,opencottcj@shop-pro.jp
Clotilda,161620,4 Anzinger Hill,9063336,ccanfieldck@cmu.edu
Hali,470995,66934 Forster Alley,1896380,hfootecl@google.de
Kakalina,075142,771 Bowman Crossing,5196063,kpescudcm@huffingtonpost.com
Alikee,493812,859 Acker Court,9357694,afibbittscn@globo.com
Rodie,931026,949 Schmedeman Place,9671071,rlayburnco@admin.ch
Carolann,546062,252 Vidon Way,6311710,csneezumcp@gmpg.org
Danny,631295,7 Lakeland Alley,2017214,dbrendcq@networksolutions.com
Antonie,933445,8 Schurz Avenue,4326024,ascapelhorncr@flavors.me
Karlotta,233630,39 Emmet Junction,1601278,kscrymgeourcs@java.com
Madelena,048879,8 Thompson Terrace,3112470,mbrookwellct@ft.com
Karyl,122676,8 Texas Street,9839017,kfitzercu@abc.net.au
Kally,006800,40852 Sundown Trail,6295523,kmudiecv@dropbox.com
Jeannette,293494,68 Claremont Crossing,0593553,jmcgreaycw@usgs.gov
Rhodia,755884,19684 Ohio Alley,1875974,rmarcx@harvard.edu
Ashly,558928,331 Swallow Court,9257963,anewarkcy@newyorker.com
Dawn,447297,73 Lighthouse Bay Center,0381111,dszymanskicz@businessinsider.com
Beverly,993784,29252 Nelson Junction,0378315,bcavnord0@google.ru
Christean,027154,4961 Westridge Plaza,8078388,cwillattd1@fema.gov
Blakelee,172799,89468 Golden Leaf Parkway,4499644,bsoonhoused2@shinystat.com
Aurore,798250,4 4th Terrace,5801457,abellworthyd3@ucoz.ru
Annabal,128954,141 Hoffman Alley,3716378,awhyted4@cmu.edu
Saudra,135347,34629 Dunning Terrace,4365314,skantord5@linkedin.com
Josey,673035,70 Waxwing Way,7166793,jveckd6@hugedomains.com
Ivie,832627,3461 Butterfield Pass,3575999,iflohardd7@forbes.com
Genna,435577,5 Carey Parkway,7429815,gbellfieldd8@exblog.jp
Willyt,072800,263 Carioca Avenue,5736528,wfolbiggd9@latimes.com
Peggi,728116,83 Merry Road,9589944,pclayeda@constantcontact.com
Feodora,541278,9401 Grayhawk Court,1629934,fmardedb@360.cn
Gelya,592096,35 Crescent Oaks Lane,1525620,garnaldidc@deliciousdays.com
Diana,148162,0 Shoshone Point,1047943,djindracekdd@diigo.com
Fidelity,237060,523 Meadow Ridge Center,0623793,ffeatherde@npr.org
Glory,772098,73 Oxford Way,5576876,gblakeneydf@pen.io
Sylvia,442944,10925 Green Ridge Place,5810105,sserjeantsondg@indiegogo.com
Leticia,792848,940 Fieldstone Junction,5824015,lklainerdh@ning.com
Sibbie,492471,11 Montana Parkway,7139847,smacdermiddi@gravatar.com
Sidoney,571875,68 Monterey Street,9459688,spenningsdj@jimdo.com
Lauri,558218,88117 Bartillon Lane,4427466,lklimaszewskidk@squidoo.com
Hollie,740468,5 Harper Crossing,2532468,hlorraindl@who.int
Darsey,759332,577 Cottonwood Lane,5663562,dwittkedm@sourceforge.net
Cecilia,324552,3 Susan Center,4934717,cpenddrethdn@wikipedia.org
Shellie,382683,44713 Sutteridge Court,9417957,syerralldo@constantcontact.com
Emmy,251008,76 Gale Trail,4205614,esondp@globo.com
Frank,982557,765 Pankratz Junction,6744685,fbriggedq@earthlink.net
Philipa,931600,1 Armistice Crossing,2703266,pfanedr@google.it
Afton,369962,38601 Forster Junction,6161835,anarramoreds@wikia.com
Trixy,165547,881 Sutteridge Drive,3053485,tlegiondt@wikipedia.org
Andee,530468,38 Crest Line Street,4525103,asnuggsdu@de.vu
Minna,315632,19 Jay Plaza,0159597,mbankdv@photobucket.com
Essie,597757,69853 South Terrace,7729151,eneylondw@ocn.ne.jp
Cathrine,122240,15493 Manitowish Park,2288111,cmerritondx@booking.com
Dara,150402,439 Coleman Point,8920646,dbevissdy@blogs.com
Anselma,177958,37251 Erie Crossing,2285146,anisbetdz@technorati.com
Dorolice,759657,89539 Daystar Center,1082426,djoirise0@indiatimes.com
Agnes,513416,61 Vera Court,2697272,astatene1@pinterest.com
Klarrisa,136461,274 Carpenter Alley,6250198,kmarcrofte2@nyu.edu
Modesty,164367,18339 Talmadge Court,8921013,mmundye3@prlog.org
Audrie,090959,83 Susan Court,8450221,acullipe4@a8.net
Maude,511332,8348 Paget Point,4185938,mcreightone5@aboutads.info
Lynnell,255042,144 Dennis Crossing,7899208,lfairhurste6@eepurl.com
Holli,594201,41 Ridge Oak Street,1409780,hquaile7@ted.com
Darby,724620,643 Weeping Birch Junction,3108525,dbramstome8@networksolutions.com
Bibbye,760510,304 Cambridge Lane,4914087,blemasneye9@businessinsider.com
Rina,676062,884 Tomscot Hill,3749627,rmaccomeea@prlog.org
Brigitte,710698,3 Crest Line Pass,2597979,bliebmanneb@army.mil
Nana,680084,693 Sullivan Junction,4392086,ncharlotec@blinklist.com
Milicent,577429,68107 Spaight Court,5184536,mclausened@chronoengine.com
Katharyn,651650,8986 Southridge Point,7223171,kiacominiee@photobucket.com
Josie,276039,4667 Mcbride Court,8192145,jgosseef@ca.gov
Margarette,995064,60186 Maple Wood Pass,7754786,mcannopeg@walmart.com
Nanice,108336,1246 Butterfield Park,3043454,nplanqueeh@opensource.org
Lorrie,633043,28174 Scofield Trail,5808235,lmuntonei@usnews.com
Eadith,703809,4 Heffernan Point,5664156,egiacoppoliej@phpbb.com
Shandeigh,133811,6712 Iowa Circle,4186675,sbredgelandek@fema.gov
Joey,690517,1 Dryden Street,3699631,jailwardel@cdc.gov
Candice,011566,975 Hovde Junction,5596253,coreillyem@devhub.com
Flor,067898,23950 Ridgeview Trail,8492272,ftomasellien@icq.com
Corrine,825555,2680 Ridgeview Way,8901161,cciraldoeo@ibm.com
Marley,659464,1 Hallows Way,4276074,mmcfaydenep@yellowpages.com
Dyane,532186,33920 Pepper Wood Terrace,5236379,dummfreyeq@narod.ru
Haley,890844,8 Surrey Trail,2287489,hsnodiner@wix.com
Marja,822477,1 Loftsgordon Plaza,9815980,mbettlestonees@patch.com
Mathilda,953554,569 Maple Place,6185343,mathertonet@cocolog-nifty.com
Jaynell,758327,649 Tomscot Terrace,4566812,jhorickeu@bandcamp.com
Blithe,271075,841 Jana Way,6894970,bballantyneev@etsy.com
Babara,941171,603 Ilene Place,5168778,borpwoodew@sbwire.com
Taryn,242454,31476 Oak Alley,6855158,tfilipputtiex@buzzfeed.com
Keri,298542,0 Homewood Hill,3065795,ksheehaney@mit.edu
Gabriella,854846,233 Scofield Place,7846733,gdewolfeez@biglobe.ne.jp
Valaree,212737,564 Schlimgen Lane,7434376,vuziellif0@plala.or.jp
Bea,902403,51287 Wayridge Junction,8363910,bthickingf1@barnesandnoble.com
Melissa,560925,2 Wayridge Center,5042141,mokynsillaghef2@army.mil
Nesta,933279,570 Luster Park,0125470,ndmitrichenkof3@odnoklassniki.ru
Ilyssa,735730,80 Cascade Point,4965976,izanassif4@acquirethisname.com
Emmaline,862402,19 Towne Point,2841060,ebourtonf5@pen.io
Letitia,207878,96771 Trailsway Parkway,1178104,lstotef6@washington.edu
Dyann,311054,12834 Dapin Center,8619646,dmourantf7@spotify.com
Lorain,059964,42 Lake View Hill,9587168,ljacombf8@prlog.org
Claudina,568239,82754 Butternut Pass,0029004,ccockillf9@epa.gov
Charlot,908876,0068 Ryan Place,5110781,ccouttsfa@g.co
Cathlene,281322,8627 Gina Road,3209913,cwhittetfb@123-reg.co.uk
Yolanthe,329947,287 La Follette Road,2414781,ymaggiorifc@angelfire.com
Camella,826334,69 Londonderry Parkway,8933880,ccareyfd@moonfruit.com
Eloise,507927,7 Erie Junction,8480305,etaillantfe@cisco.com
Grata,183607,1395 Pine View Alley,0276934,gmalzardff@imdb.com
Eleanora,676039,03 Vidon Junction,3283341,echappellfg@elegantthemes.com
Marin,798267,35249 Cottonwood Lane,6185321,malywinfh@infoseek.co.jp
Madlin,693993,53 Kings Pass,9623364,mlowfillfi@skype.com
Caralie,736011,9985 Lukken Pass,1830884,celleringtonfj@altervista.org
Vernice,322717,5 Declaration Point,9260080,villstonfk@google.es
Brook,389127,94 Welch Drive,1256363,btuffieldfl@amazon.de
Batsheva,429097,1 Goodland Crossing,9048065,bmcentegartfm@imdb.com
Astrix,099642,0 Randy Avenue,1694646,amaccriefn@feedburner.com
Karoline,030652,05 Bellgrove Place,8126982,kbispofo@timesonline.co.uk
Auguste,631705,6 Jay Center,6298152,acransonfp@wired.com
Freida,881444,1 Tomscot Point,6509144,fmettetalfq@merriam-webster.com
Brigitte,900139,430 Mariners Cove Way,6400870,bpetrulisfr@soup.io
Cathyleen,803612,660 Merchant Road,4362904,chairefs@nih.gov
Donia,607090,268 Johnson Circle,6050134,dsissonft@booking.com
Lorrayne,974108,77091 Katie Plaza,1084301,lkrollfu@vkontakte.ru
Romola,187877,721 Rockefeller Court,5808075,rkelleyfv@harvard.edu
Wrennie,787300,6 Talisman Alley,0062292,wtitchenerfw@weather.com
Costanza,669904,702 Calypso Road,9665933,cbezantfx@globo.com
Brandea,234947,9176 Goodland Parkway,5152241,bchangfy@globo.com
Romona,704896,76038 Logan Center,6286148,rgathfz@cisco.com
Hallie,678396,8 Dakota Crossing,5135032,hsawleg0@seattletimes.com
Jill,596030,7 Bultman Way,9237568,jstormsg1@simplemachines.org
Maryann,918231,61375 Mcbride Parkway,2402128,mcragoeg2@icq.com
Alisha,338507,2 Miller Crossing,4872454,amilleryg3@yellowpages.com
Sabine,179693,91694 Buhler Parkway,0212449,smcasterg4@independent.co.uk
Malory,621882,1357 Oxford Lane,2209549,mspeareg5@skype.com
Julietta,465970,53355 Sutherland Way,4213131,jstonaryg6@accuweather.com
Lani,086588,20 Ridge Oak Circle,4863071,ltutherg7@bbc.co.uk
Vita,155446,73827 Haas Circle,9408854,vedmansg8@cnbc.com
Godiva,725964,8320 Forest Run Plaza,8949375,glewtong9@prnewswire.com
Candide,653674,36752 Sheridan Trail,8149475,crulerga@youtube.com
Lauraine,190050,0503 Bultman Crossing,3562964,lshepheardgb@imdb.com
Ayn,489461,5 Nancy Circle,2909281,agarbettgc@java.com
Chickie,368767,06801 Scoville Hill,8856639,cdowleygd@bbb.org
Flo,137324,8005 Birchwood Park,1636820,flabeuilge@livejournal.com
Yetta,123486,2269 Eastwood Plaza,0178384,yfallanchegf@ucsd.edu
Paula,764224,3190 Londonderry Pass,3518723,psmorthwaitegg@webnode.com
Constance,187571,88474 Bluestem Trail,6639770,cgrigorigh@google.es
Tommy,849937,22 Longview Avenue,1718564,tfobidgegi@t.co
Goldi,698715,52 Tony Drive,1718247,gvolontegj@hatena.ne.jp
Tracey,289059,0938 Oakridge Parkway,1200351,twhittongk@ustream.tv
Cherri,921702,0652 Ryan Drive,9887951,cfouracresgl@cisco.com
Christye,415729,325 Tomscot Center,7255081,capflergm@youku.com
Clair,909327,181 Ridge Oak Street,6252995,cgigggn@instagram.com
Sabra,155934,7770 Farwell Park,2799346,sgoodlakego@usatoday.com
Merrielle,896558,839 John Wall Road,4330326,mpringergp@godaddy.com
Cathlene,915532,3577 Roth Hill,3576057,cmoreygq@nytimes.com
Maia,917990,70146 Melrose Plaza,5756058,mlevenegr@sun.com
Doralin,529969,55381 Milwaukee Circle,5042767,dhaggargs@meetup.com
Katina,344723,604 Westridge Trail,2560045,kshutlergt@ed.gov
Doreen,882479,31416 Badeau Way,9369776,dcarlessgu@seesaa.net
Anthea,523427,323 Novick Park,2500279,aminesgv@de.vu
Sena,167007,42 Toban Pass,2152016,scristofanogw@vk.com
Randee,958219,442 Oxford Avenue,8528594,rdulwitchgx@creativecommons.org
Sheilakathryn,974778,7998 Pearson Court,9157893,ssalangy@tamu.edu
Darsey,799078,85705 Green Ridge Street,9159454,dmearnsgz@ask.com
Olivette,057775,11150 Dexter Court,0449595,okincaidh0@aol.com
Marley,470343,7 Elgar Terrace,2671801,mruiltonh1@bbc.co.uk
Melita,450191,2167 Carioca Drive,0880322,mmcquillanh2@utexas.edu
Nathalia,782750,7 John Wall Parkway,4097507,npedriellih3@mayoclinic.com
Octavia,022710,073 Maywood Road,6108546,ohowelsh4@engadget.com
Philippa,830983,9606 Moulton Road,0139202,psharperh5@posterous.com
Murial,294457,0897 Artisan Place,3360719,mmoranth6@live.com
Brietta,300939,52461 Bay Avenue,7063396,bmacguffogh7@apple.com
Maribel,724004,8 Kinsman Court,9497469,msoameh8@barnesandnoble.com
Emmye,183732,55 Fair Oaks Circle,9247534,eriddioughh9@bbb.org
Clarine,324637,13 Spaight Street,8268108,cbrindleha@trellian.com
Lorna,141682,14 Forest Lane,5174512,leskriethb@hostgator.com
Morganne,388468,92 Chive Way,0187419,mshavelhc@printfriendly.com
Mariele,154061,71785 Service Pass,4634428,mabisettihd@yahoo.co.jp
Genna,265864,42939 Bluestem Road,2768045,gjaffrahe@51.la
Deonne,109571,876 Garrison Drive,1912469,dmartinsonhf@ocn.ne.jp
Lonni,932001,516 Goodland Avenue,6919449,lodriscolehg@fda.gov
Babs,062568,22929 Iowa Point,7982754,btullishh@forbes.com
Carine,104143,30641 Scofield Terrace,7094240,ccodhi@liveinternet.ru
Damaris,781634,5719 Anhalt Drive,0907868,dbiltonhj@ovh.net
Annaliese,736786,98426 Derek Center,1658790,akincaidhk@nasa.gov
Agnes,975284,2460 Manitowish Point,0088007,astoakeshl@ftc.gov
Letitia,565923,62 Carioca Park,7539269,ltrowsdallhm@exblog.jp
Erica,617173,147 Alpine Way,7256123,ediffleyhn@newyorker.com
Lucretia,291849,88 New Castle Alley,4429235,lpatshullho@slate.com
Aryn,344426,5227 Declaration Junction,5778703,afibbenshp@networkadvertising.org
Indira,355583,0 3rd Junction,0298662,ipankhursthq@fema.gov
Fawne,218487,17585 Thackeray Parkway,0427594,fleonhr@google.ca
Mattie,207321,40 Sachs Terrace,3957061,mleamanhs@opensource.org
Trula,801533,6 International Point,9090817,tespadateht@techcrunch.com
Annissa,062537,0821 Spohn Way,5400444,aubachhu@samsung.com
Shir,863453,154 Fair Oaks Street,7889647,sjiruchhv@goo.ne.jp
Julianna,280710,7020 Eagle Crest Pass,2309003,jvoletthw@biblegateway.com
Saraann,705547,9712 Boyd Road,8549791,spaulhx@blogtalkradio.com
Daffy,099452,43 Nova Plaza,0439542,dgarbotthy@so-net.ne.jp
Celeste,600393,0823 Reindahl Lane,8063426,cmalthousehz@blogger.com
Jesselyn,616055,3333 Weeping Birch Court,8803321,jelcyi0@ibm.com
Bathsheba,101804,87 Eastwood Pass,4395462,brohlfsi1@newsvine.com
Corliss,522224,4 Brickson Park Pass,0058483,cwaini2@senate.gov
Karie,669195,2372 Ramsey Street,1545630,kjinkinsoni3@tinypic.com
Liuka,442637,771 Southridge Crossing,1997037,ldegowei4@huffingtonpost.com
Nadeen,287353,90770 Declaration Plaza,5889001,ncowsbyi5@tuttocitta.it
Emmi,654374,408 Almo Alley,0361014,econgdoni6@smh.com.au
Sarene,486282,4156 Eliot Court,5057510,saspleni7@jigsy.com
Gilberta,555870,78 Sugar Junction,4744404,gdreieri8@is.gd
Concordia,664565,12 Daystar Lane,3230582,cblakebroughi9@bloomberg.com
Roselle,265216,35752 Nancy Plaza,1531858,rvenessia@google.com.au
Pammie,037428,24 Boyd Place,3336008,pgomeryib@prlog.org
Lola,742310,2 Melby Pass,2760037,lbennisonic@wsj.com
Yevette,340847,8573 Summerview Trail,5937907,ynewcomid@google.cn
Nelle,686289,901 Grayhawk Crossing,8809786,nthundercliffeie@zdnet.com
Margette,479141,7823 Thierer Pass,0851685,mhobellif@surveymonkey.com
Nadine,229248,849 Center Alley,3430434,nsoanig@prweb.com
Ebony,107656,4 Nelson Circle,3515248,edismanih@stumbleupon.com
Bobine,096127,610 Corben Lane,2000914,bglasspooleii@un.org
Genovera,428611,1 Jay Place,9972919,ggartanij@technorati.com
Kristy,328595,84387 Corry Road,4255709,karrighiniik@google.com.hk
Tamarra,579118,5125 Welch Junction,7855816,tbeagrieil@prnewswire.com
Loralyn,006917,0875 Everett Drive,4817209,lahrenim@ted.com
Kathie,668365,234 Shelley Court,6711152,kirnysin@feedburner.com
Jordain,278737,5617 Armistice Pass,3382572,jkippinsio@dell.com
Bobbette,134273,5 Dakota Plaza,3619129,bsucheip@e-recht24.de
Yolande,991859,808 Browning Hill,7943038,ypeertiq@ehow.com
Amandi,803025,839 Stephen Park,4490242,adecarolisir@ihg.com
Tobey,931270,39 Fuller Crossing,2459508,tblondenis@jimdo.com
Ddene,292792,8770 Stone Corner Court,5726157,djizhakiit@techcrunch.com
Annabal,399280,50 Colorado Place,4167904,afrontczakiu@deviantart.com
Bianka,152995,1 Schlimgen Plaza,1498127,brichteniv@bloglovin.com
Jill,762333,71111 Randy Center,0444732,jmatteoiw@yale.edu
Petrina,560197,214 Dayton Terrace,8174907,pcornboroughix@psu.edu
Daryn,984483,0 Maryland Place,9049989,dyoiy@discovery.com
Cathlene,883833,5213 Waywood Plaza,0838217,ccluettiz@tumblr.com
Tasia,437769,791 Emmet Trail,0449355,tmcsaulj0@bbc.co.uk
Cassie,886428,039 Evergreen Place,4997574,cfontanetj1@taobao.com
Mariellen,599464,82742 Hayes Avenue,9042760,mspeddinj2@illinois.edu
Kathye,846831,29 Norway Maple Court,1752122,kthackej3@booking.com
Kania,384753,97 Loomis Park,4161345,kchatfieldj4@homestead.com
Davida,747635,9166 Sloan Center,3534157,dvigusj5@unc.edu
Alida,526339,80 Hagan Parkway,2575544,abennettsj6@phoca.cz
Angelique,890848,21 Nancy Terrace,9929099,alegallej7@jalbum.net
Flossie,479291,3779 Sherman Way,3173427,fblowenj8@google.com.au
Aubrette,360695,428 Lyons Lane,3564488,araincinj9@digg.com
Tansy,403555,59747 Steensland Trail,3878345,talexsandrovja@jigsy.com
Sheeree,373324,9 Miller Court,8398946,stolworthyjb@bigcartel.com
Sheba,241053,186 Artisan Pass,2999264,sdeboojc@google.es
Tanya,942802,156 Sommers Road,4493067,tbosdenjd@umich.edu
Cortney,870012,7 Cardinal Park,4434714,ckingerbyje@barnesandnoble.com
Giselle,275756,6 Mariners Cove Trail,3284229,gstolworthyjf@alexa.com
Trista,783465,990 Buena Vista Plaza,3450656,tgebhardtjg@spotify.com
Kerianne,217064,7 Sundown Avenue,2076545,kkilgallonjh@princeton.edu
Melly,403959,5400 Milwaukee Center,6709359,mtregennaji@devhub.com
Marilin,392327,537 Moulton Court,2905600,mgreschikjj@bbb.org
Darcy,058452,332 Warrior Crossing,5521020,dgennerichjk@barnesandnoble.com
Darlene,544137,86050 Fairfield Trail,8178707,dpaffordjl@admin.ch
La verne,293589,6462 Weeping Birch Terrace,3737285,landrusyakjm@examiner.com
Gerda,087841,303 Manley Avenue,3767729,gstellinojn@mlb.com
Minda,242222,813 3rd Plaza,0298612,mpereirajo@yellowpages.com
Bonnibelle,169937,8042 Schiller Terrace,6497516,bfinessyjp@cdc.gov
Kathlin,364188,8882 Birchwood Lane,1961363,kpetrishchevjq@4shared.com
Merralee,481707,09 Oneill Circle,5440568,mgoomsjr@oakley.com
Faith,632577,7 Dunning Place,1536341,fdurnalljs@nyu.edu
Salomi,127549,2 Holmberg Parkway,9619545,sellerbeckjt@oakley.com
Korie,410490,668 Northview Junction,2113439,kcanningju@psu.edu
Dayna,707037,8470 Loftsgordon Point,8353202,dholworthjv@pcworld.com
Wilma,328094,22248 Maryland Point,6891922,wmeyshamjw@issuu.com
Nollie,981045,57 Wayridge Drive,5570225,nkalaherjx@sakura.ne.jp
Stevana,780679,99 Prentice Drive,3425790,sbranchettjy@statcounter.com
Jerrie,383118,2262 Eggendart Lane,4662257,jahrendsenjz@independent.co.uk
Shawnee,301628,784 Oriole Crossing,6517650,shedneyk0@smh.com.au
Ferdinanda,371445,239 Oak Valley Center,7058185,ftunbridgek1@google.co.jp
Izabel,506625,9881 Kipling Terrace,1424514,iramelk2@hhs.gov
Darcey,012932,2 Cascade Parkway,0435881,djumelk3@chron.com
Darcie,677290,0 Esch Crossing,2037017,doheagertiek4@slideshare.net
Tricia,452568,1890 Meadow Vale Way,1876589,tjerransk5@tripod.com
Steffi,983567,76 Havey Way,0036396,sreadwink6@facebook.com
Katina,644238,2545 Prairieview Point,0194467,knelligank7@goo.ne.jp
Casey,495780,3348 Lawn Hill,5130474,cliveseyk8@google.com
Kessia,393374,85 Acker Trail,0300602,kkynstonk9@feedburner.com
Arda,358468,3 Village Green Parkway,0158887,atuxillka@ed.gov
Alexina,626927,24504 Morningstar Court,2550262,ahoogendorpkb@archive.org
Laureen,681578,5426 West Road,6915424,ldownhamkc@last.fm
Mirabella,550734,96 Dovetail Drive,8491869,mgodboldkd@pagesperso-orange.fr
Evy,394772,20879 Mayfield Trail,2758768,edockertyke@example.com
Alica,999858,47248 Rieder Road,3395602,aminellikf@spotify.com
Ainslie,418832,932 Mitchell Pass,1611552,atomaskg@admin.ch
Leyla,184866,10335 Grover Place,2178817,ljakubovskikh@mozilla.org
Audrye,444130,664 Manufacturers Center,6445241,atabertki@cpanel.net
Corrine,406196,100 Victoria Center,0786006,ctulkkj@businessinsider.com
Tiffi,648541,70 Ronald Regan Drive,5518927,tdoekk@eepurl.com
Livia,233592,2 Jackson Court,8632459,ldryburghkl@xinhuanet.com
Doloritas,139944,220 Bartelt Crossing,6390491,dliffeykm@google.com.au
Anne-corinne,583655,4496 Rutledge Place,2669053,aeaglandkn@auda.org.au
Shaylah,191319,5044 Reindahl Center,1820292,swoolhamko@addtoany.com
Brita,337469,8 Brickson Park Hill,2689114,btinghillkp@yahoo.co.jp
Kaile,953290,836 Fairview Way,7196862,ktabbkq@ucsd.edu
Tracie,963121,50390 Acker Trail,8098662,tbalazotkr@globo.com
Marcella,707198,44 4th Street,8777146,msollowayks@yale.edu
Jobina,081517,69552 Charing Cross Place,2241471,jmulreankt@webs.com
Susi,606118,7298 Del Mar Junction,1481127,sdibbertku@prnewswire.com
Marlo,281046,5 Shelley Hill,4092730,mrudekv@sohu.com
Shanie,178995,16 Morrow Center,6430125,shaddickkw@tinyurl.com
Marys,533178,04513 Farragut Junction,9235685,msebrookkx@dmoz.org
Vilhelmina,815468,3 Everett Point,2600693,vheinelky@webs.com
Serena,488294,104 Ronald Regan Alley,7266899,skittmankz@bravesites.com
Guinna,940562,8293 Springview Parkway,1782437,ggirardeyl0@reverbnation.com
Kalie,503592,04789 Acker Street,2193590,kdunbabinl1@last.fm
Cristal,286510,93 Manley Park,7670735,cjedrzejczykl2@msn.com
Lotti,377500,3 Haas Court,5360367,lauchterloniel3@wired.com
Junia,217264,4 Dwight Lane,5637223,jbullinghaml4@about.com
Kaye,292166,96959 Del Mar Lane,9845288,kgabitesl5@exblog.jp
Hyacinthie,667552,2426 Pawling Way,9427931,hmorralll6@businesswire.com
Livy,430423,07 Rutledge Junction,7951195,letheridgel7@tiny.cc
Florrie,372232,71954 Hovde Crossing,8335040,fcowpertwaitl8@hatena.ne.jp
Katrina,153463,79 Fordem Pass,1622544,kspearel9@i2i.jp
Zena,730858,854 Shoshone Circle,5949939,zfaslerla@newyorker.com
Lissie,748953,5200 International Junction,6351629,llafayelb@wisc.edu
Rafaelita,410474,7 Burrows Avenue,6668945,rharderlc@a8.net
Essie,141706,253 Eliot Lane,0866722,ehagleyld@msu.edu
Ardra,059867,37 Ramsey Drive,4318310,abartolinile@cam.ac.uk
Alison,426821,99243 Melody Center,1542801,apendrichlf@forbes.com
Annelise,050057,0718 Nova Place,4208074,amarinilg@topsy.com
Iseabal,152840,3260 Warbler Trail,9062768,imurphylh@gmpg.org
Emelda,631010,95 Heffernan Drive,3652151,egiovannardili@google.co.jp
Martie,215595,148 Crownhardt Road,5558050,mharbererlj@squarespace.com
Blakeley,956204,7 Mesta Lane,7416257,blubelk@harvard.edu
Dalila,603939,4861 Ronald Regan Trail,7837661,dwrigleyll@blog.com
Davina,929482,3 Badeau Pass,9824088,dconyerslm@sina.com.cn
Roxana,439620,025 Ramsey Center,2464357,rairdsln@engadget.com
Theressa,083288,51 Thompson Alley,6182776,tosoriolo@businesswire.com
Maureene,822469,55 Glendale Crossing,5453831,mreimerslp@storify.com
Philippine,149453,47 Mandrake Drive,7709295,psicelylq@ovh.net
Blair,168098,13133 Oxford Circle,6492446,bwestphallr@unicef.org
Ellie,358216,842 Riverside Avenue,2235686,eslocketls@networkadvertising.org
Elsi,985494,3228 Carioca Alley,7866931,ejellicorselt@i2i.jp
Meggy,783910,4699 Rutledge Crossing,4054563,mleiflu@amazon.de
Odessa,865775,570 Little Fleur Road,3898642,obirckmannlv@gravatar.com
Codee,350011,68865 Loeprich Park,4798195,clipsettlw@un.org
Renell,477633,2101 Golf Road,9459183,rrichterlx@privacy.gov.au
Lisha,451367,2210 Mallard Way,5398368,lschottlily@addthis.com
Whitney,640922,34172 Schiller Plaza,5525785,whardagelz@prlog.org
Kiri,799124,12666 Holmberg Alley,1697120,kcarlesm0@army.mil
Waly,640130,583 Kennedy Road,5906862,whefferm1@prweb.com
Jolie,512267,10408 Anzinger Street,5522210,jpouldenm2@moonfruit.com
Aleta,075036,6 Rutledge Point,0764643,amackilpatrickm3@pbs.org
Leonelle,771874,98769 Cardinal Alley,9040024,lelcoatm4@google.co.jp
Sibylla,761824,39 Butterfield Hill,1999203,sburym5@springer.com
Evanne,847824,27 Mockingbird Place,1488206,ecapstackm6@skype.com
Ivette,887314,892 Fisk Crossing,0121194,ifantonem7@cam.ac.uk
Noella,008666,69859 Clemons Court,2000205,ngairdnerm8@a8.net
Ursulina,927096,63 Reinke Crossing,3045320,uligoem9@discuz.net
Thea,338094,3 Comanche Plaza,5043171,tstannisma@jalbum.net
Vivien,641258,53863 Stone Corner Center,0435141,vhavercroftmb@surveymonkey.com
Madelin,774750,399 Sachtjen Crossing,0508375,mcudbirdmc@desdev.cn
Pegeen,041485,1972 Walton Parkway,2566206,ppickersgillmd@prnewswire.com
Winifred,504983,0910 Arizona Avenue,0883223,wfennerme@prnewswire.com
Colline,056714,251 Graedel Trail,9185045,ckerrymf@home.pl
Halimeda,191095,918 Cascade Park,8169990,hattenburrowmg@msn.com
Kaitlynn,951054,20 Oriole Crossing,8393987,kmaccollommh@cdbaby.com
Giana,417833,5 Burrows Hill,4093546,gpanswickmi@webs.com
Ashly,790366,3782 Acker Street,9603325,ahardwickmj@trellian.com
Pavla,301510,56643 Maple Circle,8675386,pbonusmk@mit.edu
Ethelind,590691,60094 Briar Crest Plaza,2286579,eeaklyml@google.com
Janela,304050,26 Walton Street,3340930,jwilbudmm@marketwatch.com
Emlyn,267535,78501 Ridgeview Pass,0592873,eizzettmn@ebay.com
Katti,483293,6 Lien Street,1443009,kmalinmo@taobao.com
Glynnis,864442,4463 Florence Place,1900829,gmckeefrymp@sitemeter.com
Emilia,308682,8 Jenifer Terrace,1175894,eegleofgermanymq@mac.com
Tiphani,063141,40 Talisman Street,1009801,tagnolomr@washingtonpost.com
Randy,504024,1046 Amoth Street,7363981,relvidgems@fastcompany.com
Chryste,410953,60498 Havey Circle,9609656,cpasseymt@hud.gov
Randie,848520,9959 Division Junction,1708547,rmeneghimu@umn.edu
Ebonee,071781,92 Eagan Hill,7171031,emcfaulmv@deviantart.com
Kaycee,656205,13957 Glendale Terrace,4606881,kmallindermw@umn.edu
Aeriela,517721,3198 Prairieview Point,3943891,adeethmx@jalbum.net
Danika,975894,6 2nd Hill,2117096,dallibanmy@yellowbook.com
Samaria,460067,33 Northview Drive,1165908,sfranzonellomz@examiner.com
Benedikta,125262,4341 Northport Street,2921021,bvasilechkon0@patch.com
Kimberly,461847,481 Kings Court,5682521,kmatteuccin1@dropbox.com
Kaleena,373298,28581 Pawling Center,9222455,kwightn2@themeforest.net
Aili,481850,163 Muir Way,8697452,acrowhurstn3@wordpress.com
Gunilla,135449,64852 Ronald Regan Avenue,9636559,gjoyesn4@xrea.com
Dedie,378814,251 Glacier Hill Avenue,7255974,dmitchensonn5@homestead.com
Cherrita,561420,63025 Esch Street,1835417,csmicklen6@youku.com
Terry,942775,72 Superior Terrace,8869451,tcrosstonn7@prweb.com
Leisha,889869,16598 Fulton Center,3902003,lduckworthn8@nydailynews.com
Teriann,423989,405 Mosinee Drive,1771073,tgerholdn9@indiegogo.com
Flory,718518,020 Maryland Center,9597293,fdinegesna@bloglovin.com
Greta,591176,792 Florence Avenue,6800345,gstapelenb@mashable.com
Kristien,689582,9888 Cordelia Alley,7062945,kbradforthnc@amazon.com
Dolli,386586,61936 Golf View Road,7895292,dgoslingnd@google.ru
Albina,035148,933 Hazelcrest Drive,1967023,aburgerne@plala.or.jp
Franciska,179513,1291 Starling Place,0961101,fsutchnf@freewebs.com
Tallia,807871,84 Morning Hill,9083748,tdibauding@sina.com.cn
Veronique,655134,8660 Susan Road,7315936,vellwellnh@redcross.org
Hatti,760196,854 Katie Junction,8498806,hpolkinhornni@cbc.ca
Suzanne,801059,552 Jackson Crossing,5727291,sronchettinj@altervista.org
Elise,945415,4318 Moulton Park,7625029,elyalnk@reverbnation.com
Kacie,110785,5 Springs Place,3512430,kmocquernl@ebay.com
Rina,721211,45 Rowland Pass,3995588,rblazeynm@taobao.com
Jilleen,631769,02852 Columbus Alley,5402559,jbennennn@miibeian.gov.cn
Maryellen,838848,23 Melody Junction,4741405,mkruszelnickino@hud.gov
Laurice,868059,13 Main Lane,2007230,lpovernp@g.co
Randa,159436,361 Delladonna Drive,6967529,rbeedienq@example.com
Brenda,923394,67277 Melrose Plaza,8353716,bblythnr@who.int
Dierdre,744077,700 Grim Center,2546623,dbollinns@omniture.com
Julieta,802555,4 Vermont Lane,5597757,jglynnt@geocities.com
Kyla,573447,2 Wayridge Plaza,8348919,kbruckenthalnu@digg.com
Carry,358915,402 Reindahl Lane,8492868,cfulchernv@hhs.gov
Halie,931989,166 Logan Point,6590945,hbevingtonnw@hatena.ne.jp
Cate,955261,88550 Sachs Place,6951688,corgannx@marriott.com
Brigit,506805,02 Claremont Pass,0248971,btilbeyny@youtu.be
Sisile,837897,72049 Oakridge Lane,0844285,slystonnz@live.com
Nadeen,169177,94587 Northport Way,3103161,nwappleo0@harvard.edu
Carmina,262232,9802 1st Drive,0773180,cbargeryo1@mayoclinic.com
Clem,544413,226 Ludington Plaza,1187236,cbinniono2@pagesperso-orange.fr
Ashli,248472,77712 Pankratz Street,8314408,acoolo3@opensource.org
Lucila,166734,5 Vermont Lane,2303307,lpetrouliso4@ebay.com
Trix,516297,1 Novick Avenue,1604702,tgrationo5@sfgate.com
Ardith,291110,0 Truax Park,2995913,aatkinsono6@smh.com.au
Kathryn,335076,3792 Stone Corner Way,6914855,kbeadnallo7@ask.com
Bidget,225965,0323 Golf View Crossing,7617242,belgero8@soundcloud.com
Cam,645107,35 Rigney Trail,3841426,cconnoldo9@qq.com
Annelise,452331,56 Sommers Place,2768787,acoffinoa@taobao.com
Dulci,878421,5287 Randy Plaza,8006282,dgathwaiteob@ocn.ne.jp
Reba,100798,7 Victoria Lane,7641437,rmclennanoc@bravesites.com
Grayce,059526,007 Summer Ridge Road,5243133,ggilbrideod@mail.ru
Faye,791268,710 Grim Drive,7955413,feversleyoe@huffingtonpost.com
Beatrice,570590,9200 Golf Course Crossing,5664583,baslumof@cbslocal.com
Dorry,194010,4 Vahlen Way,3580253,dhutonog@ebay.com
Catharine,036763,7569 Forest Crossing,7388796,ckildaleoh@earthlink.net
Helen,510798,08 Drewry Pass,5817637,hbolingbrokeoi@google.nl
Timmie,993773,8 Transport Hill,6014216,tmonteloj@japanpost.jp
Marci,551613,6 Maywood Lane,3243905,mmccrowok@pen.io
Hally,063238,445 Bultman Crossing,7728126,hbolgarol@stumbleupon.com
Julienne,091158,0 Summerview Court,8000387,jfullerom@netlog.com
Mina,974912,78782 Delaware Park,1076002,mtaconon@berkeley.edu
Meara,009268,59877 Sheridan Lane,8064892,msheahanoo@sciencedaily.com
Casi,654027,5095 Sachs Street,1161000,cblakeneyop@deviantart.com
Rosabelle,301592,8 Vahlen Alley,8212187,rstrittonoq@wix.com
Sibeal,691086,038 Warrior Avenue,9589744,sruprichor@tumblr.com
Ardene,728220,52546 Colorado Parkway,3375943,atwinborneos@theglobeandmail.com
Gertrud,877766,18945 Hayes Road,6109613,gknyvettot@biblegateway.com
Rhianon,482805,527 Fuller Lane,4253351,rsaveallou@themeforest.net
Belicia,414751,82156 Prentice Parkway,9852260,bbedfordov@soup.io
Caryl,566581,47 Transport Trail,0383177,cdeguiseow@archive.org
Margit,210447,64 Fulton Trail,8411498,mmurfinox@toplist.cz
Bellanca,995287,2821 Division Alley,2574354,bartingstalloy@slate.com
Margot,196121,3 Prentice Circle,2056529,mspadaoz@spotify.com
Lettie,393264,868 Anthes Circle,9435154,lfrancellop0@dell.com
Shane,195207,2 Scott Circle,8211981,srevansp1@redcross.org
Lotti,693522,6498 Surrey Drive,6027819,lbackp2@tripod.com
Christalle,671944,2 Dawn Place,3831809,czinip3@constantcontact.com
Roxana,458680,03 Anthes Center,5539693,rducketp4@over-blog.com
Gerladina,908409,3 Fairfield Road,1704780,gdikelinp5@nymag.com
Bernelle,472450,54 Merry Place,5044359,bortigap6@joomla.org
Zena,520795,94 Barby Point,7515079,zkilfordp7@pinterest.com
Julianne,452013,74169 Lindbergh Circle,5296652,jmeleskp8@bravesites.com
Gene,686853,9863 Mallard Crossing,2537707,gmckeep9@ibm.com
Seana,354824,974 Heffernan Pass,4716057,searlepa@soup.io
Shir,977364,966 Oak Park,8060020,soroanpb@harvard.edu
Channa,115639,93376 Dapin Avenue,4325384,cmunkspc@shop-pro.jp
Van,690596,8445 Service Way,0532119,vlujanpd@gravatar.com
Halli,910451,94 Melrose Point,1862626,hpattinsonpe@ftc.gov
Ruthi,848728,46757 Nelson Street,0695228,rgoldsonpf@japanpost.jp
Ladonna,854946,861 Farragut Terrace,4133366,ldatonpg@meetup.com
Giuditta,146137,97060 Westend Circle,3927471,gshreenanph@yelp.com
Berte,862608,46325 Menomonie Street,6209557,bjuppepi@eepurl.com
Marin,923336,32979 Caliangt Point,6898559,mshropsheirpj@google.com.au
Jessamyn,556810,18828 Troy Point,9522402,jmallatrattpk@si.edu
Shirlene,474257,369 Lindbergh Road,4283910,sgaffeypl@google.de
Susanne,427929,7 Killdeer Way,2738554,scrimppm@dyndns.org
Erna,352588,5 Utah Point,4185637,epherpspn@wp.com
Babita,979070,341 Anthes Way,2989671,bfarnhillpo@yahoo.com
Angelle,848372,70 Spaight Pass,7229046,amacalpinepp@un.org
Donella,045807,41891 Village Green Parkway,1900946,dphilpinpq@netscape.com
Juditha,695059,28 Oxford Park,3460348,jchopypr@prweb.com
Karyl,375689,442 Comanche Place,7701544,krennelsps@marketwatch.com
Annora,537279,799 Mitchell Junction,8443352,aaustenpt@earthlink.net
Larissa,466836,508 Pawling Street,7766218,llodwickpu@a8.net
Kissee,119227,4 Saint Paul Trail,2517166,khousecroftpv@redcross.org
Viola,956614,2 Nobel Lane,9479457,vbleasdalepw@163.com
Opaline,781188,3004 Hoepker Pass,3018768,ozylbermannpx@wordpress.com
Vyky,254576,50318 Michigan Center,3068351,vbeaconpy@goodreads.com
Evvie,233089,408 Homewood Plaza,5070402,eskoulingpz@posterous.com
Rodina,126128,90 Sauthoff Avenue,6395446,rgoodrickeq0@sphinn.com
Danica,056278,62 Fuller Trail,1178881,dadameq1@imdb.com
Jenilee,834693,4581 Cascade Alley,0049440,jfreiburgerq2@mozilla.org
Anthea,025096,01 Portage Place,1470514,abrooseq3@samsung.com
Morgana,241015,54126 Monument Center,8697353,mduffynq4@barnesandnoble.com
Mikaela,056627,06 Schurz Drive,1609143,mboumphreyq5@studiopress.com
Jenny,655395,0910 Milwaukee Pass,9666273,jgulcq6@cmu.edu
Cloe,855868,6806 Nobel Lane,9355091,cbirtleyq7@typepad.com
Emelita,504266,330 Northwestern Junction,0048039,evasyutkinq8@networkadvertising.org
Susana,887855,108 Sloan Parkway,7727000,slyngstedq9@a8.net
Elspeth,918456,8 Marcy Point,0094045,elebrunqa@nifty.com
Alisa,368856,22 Esch Place,6658811,amccaheyqb@cyberchimps.com
Helsa,242716,06078 Hoffman Terrace,5421834,hhuguenetqc@hubpages.com
Belita,406429,66226 Steensland Avenue,8597158,brebertqd@dailymail.co.uk
Phylis,704409,43003 Anhalt Crossing,3033375,pjellisqe@thetimes.co.uk
Charlotte,493604,7 Surrey Avenue,4144464,csisnettqf@joomla.org
Tiffy,000056,6 Carpenter Avenue,7899211,tyukhovqg@answers.com
Alana,514109,6219 Westridge Terrace,4650803,arolyqh@merriam-webster.com
Athene,281543,9290 Comanche Road,0562729,audieqi@yahoo.co.jp
Tootsie,013457,2 Dahle Plaza,5451376,tstairmondqj@squidoo.com
Arda,666797,21897 Oakridge Avenue,4202275,anewburyqk@time.com
Wenda,902825,8832 Monument Lane,6756137,wratchfordql@pbs.org
Lorine,291073,961 Ilene Circle,4784171,ldavysqm@accuweather.com
Barby,305807,2732 Riverside Way,1327055,bguerrazziqn@auda.org.au
Emlynne,143633,818 Cambridge Road,2845918,ewitseyqo@icio.us
Malynda,422809,21 Northfield Center,0711083,mrobillartqp@feedburner.com
Adella,709921,22577 Grim Pass,1170581,alesarrqq@devhub.com
Corette,160670,334 Starling Drive,8301875,cbonnifaceqr@chicagotribune.com
Mehetabel,236250,0866 Susan Lane,7207071,mhearlqs@state.gov
Kellia,281160,20 Norway Maple Plaza,9628227,krowaszkiewiczqt@php.net
Romona,070377,63534 2nd Court,2553065,rtrussmanqu@virginia.edu
Bernadette,341770,4119 Utah Road,4324930,borpinqv@patch.com
Ellene,352272,9 Anderson Crossing,3698344,eskelhornqw@npr.org
Emlyn,772009,11826 Bayside Circle,4872829,eoranqx@ameblo.jp
Alicia,474399,85 La Follette Junction,4246462,abeloneqy@bbc.co.uk
Sheilah,136407,28 Calypso Court,8416038,sfalshawqz@google.nl
Maye,154053,9010 Cardinal Pass,1438717,mrobesonr0@behance.net
Trescha,700053,1 Dorton Road,9017317,trichardssonr1@home.pl
Marika,785076,6796 Waywood Point,6941211,mlariver2@google.com
Olympia,138462,736 Ruskin Terrace,2502130,oelgramr3@uol.com.br
Nikkie,333253,1597 American Place,7909037,ncalbertr4@g.co
Patti,165053,5 Monument Hill,7648308,pleverentzr5@people.com.cn
Margarethe,614032,1 La Follette Trail,1912738,mwateridger6@skype.com
Adele,672764,0170 Mayer Terrace,8738158,ayedyr7@utexas.edu
Toby,949997,6492 Glacier Hill Pass,4697807,tpretiousr8@ucsd.edu
Eugine,915018,4904 Cherokee Pass,7364473,emacquakerr9@vk.com
Coralie,452471,7533 Arkansas Hill,4046810,cstogglesra@sciencedirect.com
Nola,516172,197 Golf Crossing,5148625,ngodartrb@barnesandnoble.com
Roz,115137,38706 Montana Crossing,6707486,rkennaghrc@epa.gov
Renell,238154,029 Straubel Trail,1011494,rberrygunrd@biblegateway.com
Chad,560763,03 Menomonie Terrace,5769976,cmaclaughlinre@sourceforge.net
Christal,834799,90476 Barby Crossing,9293083,cwandenrf@istockphoto.com
Val,595263,368 Ohio Pass,4907853,vganfortherg@mayoclinic.com
Ali,840842,13 Coolidge Junction,4023220,amarinrh@aboutads.info
Ardyce,069892,02 Warbler Avenue,6377629,abramptonri@desdev.cn
Marlo,652257,3 Harper Park,6077954,mdrewittrj@hhs.gov
Teresa,054638,36385 Helena Street,9481341,tbladderrk@nature.com
Corette,984572,063 Carey Circle,1754253,cpopelayrl@instagram.com
Cybil,824161,26558 Kingsford Circle,5786972,cdrawmerrm@youku.com
Brynne,303287,0 Montana Way,1208343,bshillinglawrn@google.ca
Paulie,398095,12 Grim Drive,5725509,pbillingtonro@pcworld.com
Nicky,029307,7585 Sage Drive,1518075,namerrp@go.com
Wendeline,032769,5979 Magdeline Circle,4667845,wpennigarrq@ed.gov
Jolene,265863,33 Charing Cross Junction,4795369,jdonnerr@youtu.be
