Padriac,955636,81 Arizona Alley,2619929,pduchart0@domainmarket.com
Quill,609265,48 Rigney Lane,9456804,qshirer1@artisteer.com
Prince,684809,804 Dayton Lane,4879169,phuyhton2@yellowbook.com
Myca,113428,0 Moose Place,4379726,mkitcat3@ycombinator.com
Inglebert,358496,202 Buena Vista Court,7379108,idowdam4@google.ca
Artus,363008,01 Mayfield Park,1518970,awilflinger5@tripod.com
Angel,155093,99073 Darwin Junction,6192639,apannett6@hexun.com
Oliver,611179,95613 Graceland Way,7433961,odenerley7@google.it
Tammy,710096,4 Dottie Lane,8261956,tlindbergh8@guardian.co.uk
Anthony,040489,43342 Charing Cross Terrace,2963390,atrill9@vimeo.com
Dana,849893,459 Becker Way,7475978,dlemeriea@ft.com
Cirilo,952552,3493 Dottie Pass,9999830,cshayesb@wp.com
Christie,048341,31 Corscot Plaza,5702079,cdixsonc@ted.com
Cletis,555504,2249 Fulton Crossing,5550415,csaphd@eepurl.com
Dwain,027917,95 Russell Point,1586798,dlettse@google.fr
Borg,149809,59 Dapin Junction,7163908,btantf@1und1.de
Jamie,718639,194 Westend Crossing,0994180,jmccomishg@ucsd.edu
Lonnard,655837,4 Graedel Hill,0350063,lcrokerh@ucsd.edu
Rodger,253551,0672 Evergreen Drive,2152848,rkylesi@myspace.com
Eldon,222455,39 Everett Junction,5570214,edunleavyj@boston.com
Buck,784476,2916 Bashford Junction,0939201,bdumingok@meetup.com
Gino,123395,4 Schurz Trail,8428162,gkneel@godaddy.com
Jackson,945188,823 Fairfield Place,6322449,jjanowiczm@github.com
Cullie,081976,22864 Magdeline Junction,0631221,clombardn@flavors.me
Anson,721870,92408 Kenwood Avenue,6678516,afairbrasso@jiathis.com
Town,177803,1 Grayhawk Parkway,1701002,tkeeblep@cbsnews.com
Marc,224344,1683 Kim Pass,7121776,mscutchinq@ovh.net
Ulysses,872794,006 Brickson Park Trail,0213688,uvaenr@psu.edu
Isidore,827809,74962 Melvin Terrace,6650875,ibootys@opensource.org
Reuven,008033,2 Colorado Alley,1105118,rdorrellt@wikispaces.com
Currey,033699,6750 Northwestern Parkway,8761225,creddingsu@smh.com.au
Sayre,632587,81 Stoughton Lane,0681052,schienev@jimdo.com
Gerry,295422,184 Park Meadow Circle,6835609,gyakovichw@weebly.com
Tomkin,465410,0 Atwood Crossing,8338339,thambatchx@ed.gov
Eugenius,219821,04276 Toban Circle,3152111,elomasnay@nifty.com
Allayne,346759,15 Crescent Oaks Center,2409360,asonesz@miitbeian.gov.cn
Ade,838092,60 Havey Junction,7582876,aedler10@auda.org.au
Haydon,339236,9 Oakridge Center,7143300,hjanew11@yandex.ru
Jule,420480,153 Granby Avenue,0307783,jepinay12@ca.gov
Ryon,088831,7 Hoepker Place,7432826,rgirardoni13@list-manage.com
Cammy,673742,5 Cordelia Terrace,9554256,cfetherstan14@kickstarter.com
Buiron,694189,8185 7th Pass,0710160,bgrabb15@google.com
Fredrick,089096,9 Donald Terrace,2495887,fridger16@google.cn
Godfree,434063,02083 Buena Vista Pass,6676009,gastill17@google.de
Douglas,447465,56 Sunnyside Pass,4117142,dzywicki18@adobe.com
Gris,680375,38 Eggendart Road,7900565,gbenbrick19@zdnet.com
Nichole,090714,286 Morning Avenue,1765258,nhawksley1a@livejournal.com
Ravi,900822,3 Buena Vista Park,2314620,rdineges1b@exblog.jp
Keir,908190,9960 Ridgeview Street,1086140,kedmonston1c@bandcamp.com
Robinson,890110,12244 Toban Circle,5867714,rcawood1d@sohu.com
Penn,359588,6828 Carpenter Pass,8946183,pflear1e@woothemes.com
Spenser,864690,0 Scott Lane,7327576,swanklyn1f@geocities.jp
Dicky,750699,13 Armistice Drive,0170889,dcorrao1g@eventbrite.com
Timmie,511403,933 Golf View Avenue,7185954,theinzel1h@vk.com
Terence,956713,96 Butternut Point,7322690,tclementi1i@ow.ly
Demetris,839022,24036 Burrows Center,5006831,dwarnock1j@unesco.org
Augie,542752,59609 School Crossing,6290033,awaterfield1k@eepurl.com
Randy,966767,51 Randy Lane,7252218,rparry1l@ted.com
Gabbie,669735,7 Lakewood Lane,7080480,gwysome1m@stumbleupon.com
Riccardo,355798,632 Raven Terrace,0361184,rrazoux1n@miibeian.gov.cn
Raddie,128332,1 Anhalt Terrace,6025995,rgooddy1o@canalblog.com
Barthel,693458,691 Red Cloud Hill,0449838,bashforth1p@angelfire.com
Godfrey,950042,491 Maywood Plaza,5319146,glabbet1q@sun.com
Erastus,282145,691 Village Center,7814333,emuzzini1r@live.com
Berkly,879935,3 Green Ridge Lane,6560141,bdobbing1s@youku.com
Luke,550421,200 Golf View Drive,6090153,ltremmil1t@opensource.org
Obadias,170000,92 Chinook Avenue,4782882,opecey1u@blog.com
Linc,089980,55872 Schlimgen Alley,1359596,lrhoades1v@aboutads.info
Monti,778826,183 Bobwhite Street,4925313,mlimon1w@cnet.com
Howey,662682,0053 Lunder Parkway,4586152,hbrayshaw1x@wiley.com
Ive,289883,089 North Street,3477214,icrigin1y@economist.com
Lorens,904225,1 Rusk Circle,3278542,losgardby1z@businesswire.com
Brice,466832,5 Roth Point,5601868,bfaussett20@odnoklassniki.ru
Gabby,977097,3 Hollow Ridge Drive,8877197,gmenico21@examiner.com
Avram,664339,66 Troy Avenue,5930988,agare22@51.la
Bronson,135660,384 Nobel Place,6291404,bfergie23@thetimes.co.uk
Dolph,992105,9498 High Crossing Court,8390915,dgreenland24@umich.edu
Eustace,540388,56571 Westridge Trail,1828087,einston25@mapquest.com
Basilius,239963,32901 Scoville Avenue,6482183,bholley26@dyndns.org
Les,961265,8658 Hanover Parkway,5343584,lrowatt27@free.fr
Skip,028576,73 Sunnyside Avenue,7067882,snicholls28@woothemes.com
Darnall,653601,1411 Anniversary Lane,9916732,dsebright29@yelp.com
Kareem,660629,1705 1st Street,8564220,kleake2a@wordpress.org
Alford,242339,892 Mallory Place,7662360,aschafer2b@prweb.com
Jodi,002115,1 West Alley,6782518,jatling2c@jalbum.net
Alwin,982054,070 Corscot Street,8487079,ashanklin2d@businessweek.com
Arel,632594,142 Macpherson Center,0880639,amaccathay2e@liveinternet.ru
Rudolf,553373,1 Bellgrove Center,6768509,rdemangeot2f@hexun.com
Hillel,330839,5584 Mccormick Drive,9556014,hcamplin2g@icio.us
Carlos,147731,915 Bonner Plaza,0841140,cleisman2h@webs.com
Jayson,551252,5 Westerfield Park,4889943,jmacquist2i@google.es
Domingo,876523,8189 Mallory Street,5291834,drideout2j@weebly.com
Cooper,380237,26074 Sheridan Plaza,8956994,cendersby2k@wordpress.org
Waite,178455,23909 Reinke Street,4572858,wisley2l@nydailynews.com
Heriberto,861222,187 Meadow Valley Alley,1649890,hsnookes2m@shutterfly.com
Fons,184828,85722 Bunting Trail,0197570,fwoodberry2n@webeden.co.uk
Pincus,326960,99219 Everett Street,8841552,preynalds2o@microsoft.com
Adamo,298637,28614 Londonderry Lane,8292324,amccomiskey2p@mysql.com
Jed,007288,26 Acker Place,7675190,jlots2q@cargocollective.com
Aldis,403926,483 Pine View Alley,6885176,asydry2r@purevolume.com
Teador,500522,31468 Cottonwood Trail,1530391,tchennells2s@google.es
Eldon,117531,25707 Corry Circle,0469543,esyratt2t@umich.edu
Tome,333648,5525 Novick Drive,9021365,thoyland2u@apple.com
Kevon,820575,3 Michigan Circle,8977812,kibel2v@globo.com
Enrique,371492,61769 Mifflin Crossing,9652260,egeekin2w@theatlantic.com
Hermon,497033,1542 Dunning Hill,6650539,hullyatt2x@dyndns.org
Arvie,910744,58383 Schiller Avenue,0205386,akurth2y@independent.co.uk
Hurley,175490,85 Michigan Road,5294404,hglascott2z@theguardian.com
Waiter,012123,77728 Independence Crossing,6574826,welliot30@goo.ne.jp
Teodor,313714,53060 Carpenter Court,2043913,tkimmitt31@parallels.com
Donn,205452,24 Northland Hill,5980082,djenkinson32@flavors.me
Gardy,602964,18441 Scott Road,8854169,gpurcell33@cbsnews.com
Monroe,115161,8 Comanche Parkway,7623355,mcrowth34@pen.io
Daron,129427,647 Menomonie Trail,4871219,dmehaffey35@ebay.co.uk
Shermie,406565,60160 Duke Street,1209530,stadd36@apache.org
Graeme,211437,5 Sloan Park,7713648,gmoulton37@woothemes.com
Clayborn,785467,715 Birchwood Court,9803523,cgarcia38@github.io
Broddie,163890,7 Village Green Lane,7263198,bbentsen39@linkedin.com
Robbert,468009,09 Lerdahl Drive,5614762,rschoenfisch3a@newsvine.com
Penn,666822,9 Surrey Place,3189273,pmchan3b@reddit.com
Myrvyn,427246,821 Oakridge Court,8374449,mivashechkin3c@freewebs.com
Westbrooke,413537,0 Drewry Crossing,0510810,wtutchings3d@ameblo.jp
Lukas,824372,52 Hoard Plaza,9130930,ltempleton3e@ning.com
Igor,195934,7 Surrey Drive,9298098,ilamminam3f@hhs.gov
Brannon,472598,5 Michigan Road,6477267,bwhytock3g@privacy.gov.au
Orrin,818728,3094 Marcy Lane,2978384,odurrington3h@scientificamerican.com
Tymon,541329,4 Claremont Road,6311215,tthelwll3i@wisc.edu
Markos,894651,7113 Dorton Center,6948727,mscrannage3j@cpanel.net
Herman,176618,42 Division Lane,0845548,hgarshore3k@4shared.com
Ettore,325860,25 Rutledge Hill,6152218,ebottle3l@illinois.edu
Giffer,177138,7938 Stang Alley,8753040,gzellmer3m@constantcontact.com
Armand,331594,58248 Logan Alley,9545313,abraferton3n@purevolume.com
Maurise,416089,2952 Knutson Junction,5776246,mdellenbrok3o@gmpg.org
Edgar,083658,74 Gulseth Court,6571716,egavaghan3p@sitemeter.com
Heindrick,881928,5 Troy Pass,9647589,hlidgertwood3q@furl.net
Woodman,482909,3281 Waxwing Trail,4109593,wfutcher3r@globo.com
Lucian,954456,248 Montana Road,2720874,lreal3s@unc.edu
Gordon,081927,7725 Katie Terrace,6098201,ggianiello3t@google.es
Bary,155895,26581 Cody Park,1480745,belloy3u@dailymail.co.uk
Thorndike,633608,5586 Coolidge Avenue,7248922,tbirtwell3v@bloglovin.com
William,808949,83 Fallview Way,3150809,wdedomenici3w@princeton.edu
Jarrod,112601,0642 Cascade Place,2228168,jlowers3x@imgur.com
Thedrick,755716,386 International Center,8890436,tmcfadin3y@blogger.com
Fergus,907634,02 Loeprich Pass,7804168,fhiggonet3z@oracle.com
Lisle,021562,8 Algoma Junction,3096211,ldiack40@sbwire.com
Brig,699634,590 Carioca Crossing,9899294,bduval41@huffingtonpost.com
Ignacius,730591,303 Coolidge Circle,2925979,imacfadzan42@mediafire.com
Xavier,699548,10 Montana Trail,9312594,xhennemann43@privacy.gov.au
Griz,449080,03 Swallow Street,0929469,gtirte44@cisco.com
Selig,163831,19749 Quincy Trail,3152083,sdericut45@myspace.com
Goran,501221,2 Macpherson Lane,0878694,gtimbrell46@feedburner.com
Skippy,305395,551 Almo Avenue,9103510,ssneesby47@discuz.net
Nathanial,672008,86351 Lerdahl Park,7933391,ncattel48@toplist.cz
Udall,060994,254 Debs Drive,4837498,ubellworthy49@google.pl
Johnny,691978,80 Graedel Trail,4181058,jmcsharry4a@skyrock.com
Booth,518280,494 Hollow Ridge Junction,9180441,bschaumaker4b@moonfruit.com
Stevy,639784,23697 Linden Avenue,0695339,swhistan4c@privacy.gov.au
Cletis,311619,48399 Donald Center,0819655,charlett4d@ibm.com
Amerigo,590429,848 Merry Pass,8346451,acourtier4e@ibm.com
Fabien,379597,3910 Roxbury Drive,7926623,fjeynes4f@studiopress.com
Kile,556135,77192 Clove Point,4967246,kslucock4g@xrea.com
Bil,066856,65023 Porter Pass,6660517,bolver4h@aboutads.info
Worden,087171,5541 Maryland Parkway,7830681,wilive4i@edublogs.org
Merv,983175,55088 Dexter Road,3706178,mpaynter4j@auda.org.au
Cristiano,219086,0 Dixon Street,6373029,cleve4k@ca.gov
Stevy,028701,295 Northport Hill,7351424,storn4l@yale.edu
Zackariah,117472,4 Almo Road,6651074,zault4m@tripod.com
Locke,381880,3130 Springs Road,3985890,lheaford4n@de.vu
Tuck,166149,525 Briar Crest Center,6592607,tgrane4o@skyrock.com
Conrade,123551,059 Sunnyside Parkway,1157156,cbalke4p@scribd.com
Hasheem,628643,84 Corry Court,8250483,hdiboldi4q@businesswire.com
Gordie,851621,5904 High Crossing Hill,1201663,ghabard4r@comsenz.com
Cly,646486,98121 Steensland Parkway,5825990,ctours4s@discuz.net
Decca,480609,2203 Charing Cross Point,1509776,dsteinor4t@facebook.com
Issiah,383148,95 Steensland Lane,1930959,ihalladay4u@canalblog.com
Xymenes,611903,1382 Kedzie Lane,7953478,xbenoiton4v@cpanel.net
Floyd,149604,9 Roxbury Way,3211436,fmingaye4w@deliciousdays.com
Brew,570933,406 Barnett Street,0220774,bbraunthal4x@cnbc.com
Ashton,633266,155 Green Center,0291709,aaarons4y@technorati.com
Cary,778263,87651 Division Way,0900798,cridgwell4z@icio.us
Vassily,047829,5741 Green Pass,1252925,vanelay50@adobe.com
Eberhard,469181,31 Summit Hill,6987941,ecrang51@washington.edu
Winfield,889042,73 Union Center,3842985,wrutherford52@wufoo.com
Feliks,686282,082 Maple Drive,2424966,focrevy53@salon.com
Edouard,784717,49586 Lakewood Gardens Place,9794596,estirman54@jigsy.com
Adolphe,064547,3 Stuart Street,7772171,akydde55@kickstarter.com
Emmit,422600,1411 Mcguire Pass,8467172,emillar56@bandcamp.com
Rodrique,099904,388 Magdeline Trail,2436095,rvoelker57@google.de
Chick,781697,324 Fuller Parkway,8365420,cforo58@eepurl.com
Joey,408593,6796 Northport Drive,2143834,jgindghill59@wikipedia.org
Karlan,274416,502 Cody Hill,1040245,klouthe5a@home.pl
Michele,508232,1683 Northview Center,3483457,mhabens5b@omniture.com
Darcy,219969,75 Golf Street,2427819,dblanckley5c@mayoclinic.com
Shamus,521490,13477 Hoffman Center,1366178,sprewett5d@1und1.de
Koenraad,363964,391 Dennis Hill,0630685,kmcfee5e@homestead.com
Jarrid,310624,718 Bowman Alley,8191950,jcoffelt5f@sourceforge.net
Prentiss,486261,694 Village Street,9804273,pprobetts5g@independent.co.uk
Cross,934651,738 Eastlawn Drive,8566751,ctwitty5h@walmart.com
Gideon,207483,880 Dunning Place,3888175,gfideler5i@so-net.ne.jp
Freedman,685212,0799 Doe Crossing Park,0134255,flage5j@ox.ac.uk
Chandler,204390,01994 Clemons Trail,1531241,cverne5k@about.com
Miller,021158,2 Roxbury Way,1007910,mdoumenc5l@netscape.com
Artemas,643515,1 Buhler Place,3485846,ahyder5m@lulu.com
Thain,896222,9344 Veith Parkway,2126217,tcrinion5n@woothemes.com
Constantin,889357,008 Meadow Ridge Court,1730365,crosario5o@jiathis.com
Sayers,582928,21408 Comanche Lane,4484068,sjekyll5p@phpbb.com
Ab,076573,8543 Northland Junction,1366481,ageyton5q@google.com.br
Currey,886888,97504 Starling Court,6116925,cdeath5r@ox.ac.uk
Lowell,572011,4 Declaration Crossing,3802403,lpavier5s@engadget.com
Pavel,214454,3919 Londonderry Point,9486199,pmoine5t@nymag.com
Kareem,727074,05252 Heath Pass,7405199,kgarwood5u@tamu.edu
Adrien,049220,76646 Sutteridge Plaza,0964976,adenekamp5v@home.pl
Miltie,259340,76 Macpherson Drive,1700658,magnew5w@etsy.com
Sol,932862,918 Eastlawn Park,9866038,sblodg5x@businesswire.com
Arty,596033,341 Westridge Alley,1628623,aandres5y@cnn.com
Zacharias,648221,7 7th Avenue,8850765,zdearlove5z@fastcompany.com
Felix,089824,051 Sutteridge Court,9299564,fmcconnulty60@fema.gov
Clemmie,334983,720 Mockingbird Hill,1842288,cpolden61@upenn.edu
Goran,068218,7 Del Mar Crossing,1538629,gchidwick62@wordpress.com
Kennith,970653,71 Boyd Crossing,5101099,kgiddens63@disqus.com
Garwin,297136,7 Mallory Trail,3426051,gbeeson64@pagesperso-orange.fr
Morse,908717,2 Kings Hill,5222997,mjuschka65@sogou.com
Radcliffe,426555,74107 Bashford Place,3315786,rhuniwall66@cornell.edu
Justino,070155,94434 Clove Lane,7230587,jbattyll67@nba.com
Barry,138137,3723 Victoria Crossing,9309938,bvedyaev68@free.fr
Niall,019776,27 Dottie Drive,3136140,normiston69@angelfire.com
Tamas,984534,13703 Northridge Alley,8194495,tleggin6a@163.com
Tailor,020893,9 Knutson Hill,9411394,tbeville6b@vinaora.com
Korey,483694,52576 Stuart Crossing,5209098,khorder6c@toplist.cz
Stavros,339187,73 Burrows Trail,3381994,skrates6d@digg.com
Gerome,123950,33810 Rigney Junction,1153787,gbeig6e@discovery.com
Herold,875538,76 Hintze Park,1163038,hdoidge6f@issuu.com
Arnuad,626462,7953 Bluejay Road,6879128,akort6g@godaddy.com
Aharon,451967,429 Rigney Hill,1996051,aboyde6h@intel.com
Harman,957194,83833 Raven Circle,1800311,htrouncer6i@networksolutions.com
Jeremy,990152,6097 Blue Bill Park Terrace,3608956,jgrandham6j@intel.com
Boote,473743,0754 Onsgard Parkway,2725188,bsanz6k@noaa.gov
Obed,953124,068 Towne Terrace,3106105,olowry6l@friendfeed.com
Gregg,909373,853 Sunbrook Crossing,0386614,gpickersail6m@ameblo.jp
Ray,888249,4 Oxford Pass,6541205,rollarenshaw6n@histats.com
Miller,642495,591 Stuart Plaza,3252213,mglusby6o@washington.edu
Jack,335695,7 Burning Wood Center,9566287,jdavidovics6p@fotki.com
Raynard,714672,6 Onsgard Place,8992521,rdemkowicz6q@nationalgeographic.com
Enrico,159741,1 Straubel Plaza,0149042,eupcott6r@issuu.com
Glenn,200162,94242 Westridge Place,3952739,gdumini6s@ebay.com
Kip,397530,7 Haas Street,4424711,kfarryn6t@netvibes.com
Herc,135640,55 Manitowish Avenue,9812715,hgave6u@simplemachines.org
Antoine,349044,0282 Bashford Court,2177016,atraher6v@1688.com
Georgie,550831,894 Sage Point,6042353,gyerbury6w@simplemachines.org
Basil,520813,55566 Northfield Terrace,7004640,bcuniam6x@1und1.de
Francesco,590266,931 Lakeland Place,6955342,fyakutin6y@quantcast.com
Merrick,255867,9447 Esch Junction,7715808,mkier6z@xinhuanet.com
Sebastien,229948,43 Golf View Place,7504351,slealle70@nhs.uk
Nevin,349741,03051 Old Gate Road,6181604,nmutton71@ed.gov
Calv,374706,293 Veith Park,5586834,cspringate72@people.com.cn
Erhard,627565,96927 Sloan Junction,3669587,erowsel73@reference.com
Hyman,013159,52 6th Junction,7188592,hcollocott74@globo.com
Callean,525631,597 Bobwhite Street,9703799,cmault75@geocities.jp
Odell,323777,35098 Elmside Circle,1358147,ocantillon76@rediff.com
Mateo,308101,87717 Monica Court,1296091,mfreckingham77@behance.net
Jeddy,127813,88 Clove Street,6135182,jsergent78@rediff.com
Thorin,036577,8317 Stuart Road,1670142,tvasile79@vinaora.com
Andrew,719351,1 Loomis Point,8882030,akirwan7a@is.gd
Arvy,596010,10033 Pennsylvania Trail,3358651,alorenzo7b@sun.com
Caryl,156053,16484 Kensington Trail,3904850,cslater7c@shutterfly.com
Jay,841476,82 Westridge Circle,6366825,jputtick7d@ucsd.edu
Braden,705087,45663 Farragut Street,6253565,bflaws7e@biblegateway.com
Bronson,350902,2907 Sage Terrace,5734024,bhehl7f@friendfeed.com
Geoffry,081443,2 Ilene Terrace,1655128,gcausby7g@pen.io
Christy,248958,174 Victoria Street,3517390,ckeymar7h@bloomberg.com
Yancey,995468,9846 Brickson Park Avenue,7498873,yfalla7i@rambler.ru
Klemens,996572,27 Glacier Hill Place,6438729,kaguirrezabal7j@facebook.com
Dilly,379771,766 Petterle Parkway,4812073,darrington7k@google.de
Alleyn,689134,66 Anderson Plaza,7181324,aaaronson7l@ehow.com
Dewitt,267094,4 Shoshone Parkway,1982868,dcrown7m@yellowpages.com
Horton,731415,26778 Crownhardt Parkway,4109066,hcocci7n@ebay.com
Husein,830814,31 Steensland Court,6338651,hgoodison7o@creativecommons.org
Doyle,415693,704 Grover Center,4692942,djelks7p@nytimes.com
Jervis,473798,39749 Annamark Court,8274292,jvela7q@flavors.me
Ulberto,997555,25 Roth Circle,5887798,ushepherdson7r@lycos.com
Gardiner,799967,986 Kropf Way,4100493,gtootell7s@dedecms.com
Brod,047645,555 Acker Court,9297742,bdurston7t@tumblr.com
Sigvard,076507,82 American Ash Center,8371118,sfrosdick7u@quantcast.com
Barn,214353,4152 New Castle Place,2264608,bstanyforth7v@comsenz.com
Woody,191250,36073 La Follette Road,0823558,wgrancher7w@answers.com
Maury,536390,93677 Michigan Circle,4475944,mbesse7x@bbc.co.uk
Patrice,258840,9886 Vermont Point,6978016,pdavion7y@bloomberg.com
Wendell,670569,74466 Rutledge Circle,3284575,wdebullion7z@microsoft.com
Zacharie,204933,71187 Oriole Trail,4672668,zadolf80@ustream.tv
Rutger,744546,2295 Pearson Alley,4356594,rgissing81@mayoclinic.com
Sergei,151920,83 Aberg Hill,5347709,slawler82@ox.ac.uk
Gavan,585552,267 Lotheville Junction,7164631,gsteedman83@purevolume.com
Andrey,586553,5848 Old Shore Way,0427451,amaldin84@dyndns.org
Forest,720696,8650 Cherokee Parkway,7211968,fdebenham85@epa.gov
Ives,405863,63847 Roth Terrace,6760087,iduncklee86@noaa.gov
Delaney,142513,20 Eastlawn Circle,6987762,dpardew87@1688.com
Thorn,233684,91727 Superior Trail,0743840,tduckett88@google.com.hk
Scot,310054,9435 Loomis Junction,6062856,smcrill89@homestead.com
Julian,997576,35 Drewry Avenue,9152569,jdelleschi8a@youtu.be
Killy,112174,4 Atwood Pass,9968695,kdigwood8b@google.cn
Hakeem,035403,9 Rigney Lane,5806320,handreone8c@cbslocal.com
Hillard,726551,489 Hayes Junction,9185429,hcusiter8d@npr.org
Finn,338542,11 Toban Alley,6268528,fsander8e@dell.com
Binky,977728,98231 Transport Circle,6737314,bquested8f@networksolutions.com
Franklyn,643328,1728 Meadow Valley Place,3364718,fgannicleff8g@psu.edu
Norbert,377594,3579 Kropf Pass,0796880,nmateo8h@deliciousdays.com
Cornelius,823708,588 Comanche Trail,8427552,cexell8i@businessweek.com
Vern,380945,40877 Ridgeview Road,0725654,vslayford8j@yelp.com
Angel,726517,3 Cardinal Circle,9265292,apitcaithly8k@lycos.com
Karney,006891,69287 Springview Avenue,5029556,kcudiff8l@istockphoto.com
Darrin,347911,2065 Westerfield Hill,2553475,dlecount8m@mtv.com
Huntington,699300,07 Arapahoe Hill,3161745,hstanyer8n@cdbaby.com
Morley,477641,47 Sachtjen Alley,0700471,mshuttle8o@samsung.com
Benjamin,976553,6685 Sachtjen Drive,2936287,bfinnie8p@upenn.edu
Bealle,400480,19 Eagle Crest Street,4087307,bmottershaw8q@liveinternet.ru
Iggy,037644,2476 Summerview Court,9991829,ihorbart8r@w3.org
Judas,457041,2 Briar Crest Pass,6031118,jlukins8s@mozilla.org
Pietro,991997,125 Ramsey Pass,5943941,peakle8t@hibu.com
Ivar,577684,5 Jenna Center,3057290,igoodswen8u@yellowbook.com
Rodney,575434,43724 Graedel Lane,9922365,rkeggin8v@usa.gov
Rogers,186811,4 Petterle Hill,0333558,rsharpus8w@aol.com
Ulrick,399642,6904 Bonner Alley,4666645,ulinham8x@about.com
Clerc,831351,723 Brown Street,3019512,cblakelock8y@oaic.gov.au
Elvyn,572882,055 Straubel Alley,4185929,ehundy8z@ehow.com
Dov,392487,6 Sheridan Street,9565406,dsouthworth90@wufoo.com
Nikolaos,632468,973 Sutteridge Circle,2489618,nthatcham91@msn.com
Gareth,073029,69 Birchwood Hill,3592783,gbrittle92@state.tx.us
Arnoldo,589642,6557 International Place,6717640,aspier93@stanford.edu
Mason,855087,40 Schmedeman Street,5909307,mbeville94@webeden.co.uk
Rex,748452,2721 Schlimgen Way,8824288,rkollaschek95@macromedia.com
Kory,577124,75095 Pawling Crossing,1594964,kashelford96@123-reg.co.uk
Otto,359785,2 Vermont Plaza,7935089,ohubbold97@unc.edu
Laurence,976662,0 Towne Junction,5764887,lmabon98@storify.com
Bryon,564659,84 Buhler Street,2039243,bcoade99@mapquest.com
Siegfried,263644,6 Loeprich Place,7128788,sroundtree9a@example.com
Winfield,571838,49183 Summer Ridge Plaza,4644804,wtrillo9b@nps.gov
Garrick,781509,6 Nevada Center,5910480,gkerrey9c@umn.edu
Griffie,036179,7164 Union Lane,2605691,gorsman9d@goo.gl
Randal,825881,94 Fulton Parkway,4538980,rpaireman9e@sun.com
Alaric,252912,71228 Evergreen Road,1607372,adignan9f@stanford.edu
Loydie,485188,75599 Kennedy Alley,2367077,lbaly9g@economist.com
Randal,745756,1227 Sachs Plaza,9542899,rlorrimer9h@hexun.com
Dar,404592,0083 Service Avenue,9371346,dsabben9i@shareasale.com
Petey,869453,09 Helena Road,0644178,pslayny9j@live.com
Jeremie,816256,01 Scoville Circle,9660383,jboyson9k@epa.gov
Udall,531462,3 Gina Park,0371743,uhaddick9l@archive.org
Rupert,442652,632 Kinsman Circle,4745888,rbagnell9m@tinyurl.com
Hew,122548,945 Muir Alley,0400953,hkovacs9n@tiny.cc
Aldric,210194,8882 Wayridge Park,3295571,acomley9o@unc.edu
Giordano,922283,9060 Ridge Oak Junction,6761739,gdabbes9p@statcounter.com
Myrvyn,735825,8 Buell Parkway,3842258,mcampanelli9q@squidoo.com
Matthieu,303314,651 Bayside Trail,5277019,medghinn9r@linkedin.com
Brandon,603802,8906 Mockingbird Street,8025679,bmcilveen9s@archive.org
Maurits,998444,6 Utah Avenue,0681996,mdacres9t@example.com
Wye,564405,74 Dunning Alley,6376017,wlott9u@nydailynews.com
Mile,471555,2 Algoma Alley,6232445,mharlock9v@cafepress.com
Lisle,609839,572 Glendale Point,4128865,lcomiskey9w@creativecommons.org
Rick,269632,8 2nd Drive,8933329,rtritton9x@123-reg.co.uk
Jule,373669,80525 Dunning Terrace,2839129,jludron9y@comcast.net
Hewett,119949,88 Dunning Alley,7344811,hcairns9z@blogger.com
Martainn,276928,53 Northridge Point,9112082,mcasillisa0@desdev.cn
Christoffer,418511,93884 Jay Circle,7301881,ckestena1@clickbank.net
Pietro,400523,7861 Lotheville Court,8166548,pbardwella2@nydailynews.com
Thibaud,783535,22 Mayfield Terrace,7951399,tgallamorea3@dmoz.org
Clement,899065,6 Summer Ridge Pass,9310576,celdretta4@japanpost.jp
Morton,957512,85666 Emmet Circle,5989418,mpetegrea5@live.com
Giffer,779348,19217 Golden Leaf Avenue,0132507,gpaolonia6@theatlantic.com
Chev,916111,5 Manley Court,5134228,cbrighousea7@indiegogo.com
Lion,126426,53204 John Wall Center,8159394,lteodoroa8@pagesperso-orange.fr
Wendall,231324,387 Debs Street,4279519,wdiggina9@netscape.com
Rouvin,772429,2438 Mesta Hill,3759571,rluxaa@berkeley.edu
Wiatt,856525,1419 Harbort Terrace,3573684,wlaydelab@ow.ly
Gustavo,634135,6123 Hansons Plaza,3812181,gpowterac@slate.com
Keen,760338,8 Shelley Parkway,9302066,kbrewinad@sitemeter.com
Ned,141094,9910 Saint Paul Avenue,4492738,ndodworthae@geocities.com
Grover,392697,23618 Ohio Circle,2272674,glehraf@artisteer.com
Pietrek,417751,19705 Mesta Point,3776618,pmimmackag@go.com
Marlon,907432,56708 Karstens Crossing,2484435,mlavingtonah@ebay.co.uk
Pat,059965,7488 Eliot Way,4882430,pormstonai@google.fr
Tammy,850869,43 Fisk Hill,4948265,tbushawayaj@weebly.com
Garret,291112,8 Bartelt Trail,9119093,gdoakak@hatena.ne.jp
Weylin,805840,8 Monterey Lane,8666411,wradishal@pagesperso-orange.fr
Tibold,194267,036 Mockingbird Way,0795165,tvardeyam@auda.org.au
Gauthier,853577,8824 Main Plaza,5397813,gtiltan@360.cn
Heindrick,159246,5901 Farwell Drive,0219153,hkinkaidao@unc.edu
Greggory,749246,9009 Anderson Point,5344676,gflippelliap@eepurl.com
Northrop,158554,49 Scofield Point,9796932,natteridgeaq@statcounter.com
Gerik,773590,462 Mallard Street,2702161,gkerryar@newsvine.com
Orlando,419828,33 Mcguire Circle,4151187,oclausneras@umn.edu
Conway,513850,9 Graceland Terrace,1200334,cfutcherat@nasa.gov
Freeland,239848,92 Corry Place,5507727,fcoppeardau@japanpost.jp
Jared,756240,14431 Bunker Hill Road,8682332,jsiddenav@surveymonkey.com
Barney,929646,6 5th Way,6393805,bhafneraw@unicef.org
Phillipe,715277,5786 Anderson Trail,1447114,pgreaserax@salon.com
Riobard,805559,280 Garrison Parkway,3723434,rberzonay@eepurl.com
Obadias,649366,002 Morning Drive,4989511,olodeaz@ucla.edu
Corrie,859942,89 Scoville Crossing,6668454,clindholmb0@dot.gov
Ave,685866,05853 Loeprich Center,6407175,afranyb1@moonfruit.com
Barnie,784874,554 School Way,4513246,bscamadenb2@smh.com.au
Thorin,899847,55 Rigney Circle,7255722,tbussellb3@shinystat.com
Ambros,594640,1723 Dexter Crossing,9896950,ageldertb4@google.de
Garrett,593646,764 Surrey Court,3418429,gchamberlainb5@domainmarket.com
Renard,181583,044 Old Shore Alley,4422668,rkingeb6@state.tx.us
Maury,367623,94544 Katie Pass,5730229,mripperb7@state.tx.us
Clint,796102,4701 Old Gate Court,6414384,clazarb8@quantcast.com
Adolph,667373,79 5th Terrace,9616533,aepiletb9@biblegateway.com
Corty,908793,4797 Gerald Crossing,3986985,cstangroomba@yellowbook.com
Harry,775618,8475 Hoffman Plaza,4290287,hreddihoughbb@hugedomains.com
Dukie,035504,16646 Granby Place,3269553,dbroselbc@paypal.com
Sollie,930773,32 Barby Park,9352099,swiddecombebd@typepad.com
Abel,594411,2332 3rd Plaza,8028518,atronibe@ucoz.ru
Broderic,134892,1 Service Point,0786690,bcoleybf@hostgator.com
Arri,809753,4537 Sauthoff Hill,4521722,afardellbg@yelp.com
Bondon,510035,7 Fairfield Park,6651062,bcastrillobh@webs.com
Davy,588363,0 Hermina Court,7088428,dhankardbi@icq.com
Leeland,874650,3427 Sage Circle,4294312,lridelbj@archive.org
Yorgo,320131,3 Laurel Junction,1084960,yrochesbk@blogspot.com
Thurston,600549,33 Oxford Center,6192199,tfouracresbl@virginia.edu
Olenolin,742296,0 8th Circle,4699005,oledwichbm@statcounter.com
Kerry,442150,23 Reindahl Hill,2073754,klornsenbn@miitbeian.gov.cn
Sylvester,164194,27159 Blaine Parkway,0281911,sdewdneybo@cargocollective.com
Germain,600535,3105 Union Pass,7897428,gbyngbp@arstechnica.com
Guilbert,067652,7 Esker Hill,1349996,gmossdalebq@imgur.com
Keir,970887,223 Mariners Cove Drive,9967490,kswindlehurstbr@harvard.edu
Marlin,635213,723 Anthes Point,1510533,mmozzettibs@php.net
Darrell,676564,58888 Susan Terrace,2625922,dformiglibt@twitter.com
Mikkel,727719,20 Rigney Point,6543339,mdennidgebu@umich.edu
Dieter,859114,0896 Mosinee Trail,2219829,dgrenfellbv@chron.com
Rod,099607,26 Knutson Crossing,3356235,rrobathonbw@umich.edu
Ancell,327469,422 Melody Alley,6394707,atommenbx@tuttocitta.it
Lionel,303378,1 Shasta Crossing,3234977,lmalimoeby@census.gov
Morgen,545405,25952 Spaight Court,9344402,mtwintermanbz@jigsy.com
Allayne,735919,68838 Holmberg Street,4394224,agarmc0@reddit.com
Reagen,304897,5322 Maple Alley,6297145,rlimpertzc1@usda.gov
Slade,856799,980 Cordelia Center,3592724,sdehoochc2@guardian.co.uk
Ricky,506903,66 Park Meadow Alley,3126961,rdavidssonc3@g.co
Conny,797634,60396 Waubesa Way,7978188,crickwoodc4@jugem.jp
Selby,862908,57117 Pond Street,7401532,shaydnc5@g.co
Cody,835256,4 Hanover Way,0978867,cpoundesfordc6@biblegateway.com
Bendicty,797455,83294 Hazelcrest Alley,3837981,bkirwinc7@yellowbook.com
Rabbi,602151,6735 Northview Way,0990874,rroneyc8@ft.com
Johannes,115648,05546 Clemons Center,2961637,jtatamc9@bandcamp.com
Aluin,862099,3 Tennessee Center,6721547,anasica@unesco.org
Neale,965259,1 Red Cloud Road,3876440,ndeverscb@imdb.com
Orin,564470,3 Granby Alley,0789737,ocouchercc@mac.com
Ogden,574443,214 Grover Park,9629766,oledburycd@bloglines.com
Boigie,212455,9 Sundown Court,0220304,bellcomece@desdev.cn
Albrecht,632649,55 Holmberg Road,2034506,aliberocf@loc.gov
Jervis,133169,24402 Scofield Avenue,5692220,jlampelcg@skyrock.com
Grange,012484,951 Dayton Court,2137463,gredleych@newsvine.com
Barry,703859,994 Sugar Trail,0300207,bblamiresci@nsw.gov.au
Bone,504761,9807 Lotheville Point,7160030,bvalacj@oaic.gov.au
Harwell,167302,5056 Nelson Avenue,2242478,hskellionck@npr.org
Cletus,723010,59368 Petterle Way,8766036,clackeyecl@nhs.uk
Stanford,051262,09 5th Park,9287945,ssiddeleycm@cocolog-nifty.com
Israel,814133,68033 Texas Center,5445360,iverlindencn@auda.org.au
Damiano,964763,740 Merrick Hill,4270817,dalexandreco@netvibes.com
Royall,223116,0783 Meadow Ridge Junction,6171446,rmacmorlandcp@nymag.com
Karlens,302339,89035 Mendota Alley,4169087,kpiotrcq@tripadvisor.com
Archambault,766368,66 Sunfield Crossing,7970240,aeskriggecr@hhs.gov
Kristopher,326240,6 Lillian Court,1705507,khuyghecs@edublogs.org
Clint,600112,0 Kipling Crossing,0611112,cbamboroughct@php.net
Kelley,549512,4450 New Castle Road,6526531,kwardhawcu@imdb.com
Arri,739724,75588 Brickson Park Avenue,5258388,askittlecv@bbb.org
Elijah,782760,829 Oneill Place,2525464,edobrowskicw@admin.ch
Ashbey,880021,84 Sheridan Hill,4177667,askirvencx@yahoo.com
Seth,692789,2 Namekagon Drive,2947202,shickenbottomcy@bigcartel.com
Hendrick,696813,86 West Avenue,3116967,hrosenfeltcz@intel.com
Theodoric,430913,330 Fremont Junction,6917826,tantonikd0@statcounter.com
Osborn,677211,41404 Nobel Hill,9845834,ofraysd1@pen.io
Aleksandr,620295,87 Bultman Pass,9926003,alamblotd2@economist.com
Jay,235580,55406 Waubesa Junction,2189062,jritchmand3@mysql.com
Creighton,469117,054 Colorado Lane,6067354,cboddisd4@behance.net
Jasen,285803,682 Welch Road,1203450,jmcskeagand5@naver.com
Alden,541758,835 Corben Lane,7438634,atuddenhamd6@indiegogo.com
Olag,154758,87894 Onsgard Plaza,9591118,osabbinsd7@craigslist.org
Tabbie,161427,9 Truax Junction,0085474,tcurrumd8@house.gov
Tod,912650,28 Maryland Parkway,1680289,telsterd9@yahoo.co.jp
Garald,448712,4 Crowley Crossing,8385298,gseagerda@ycombinator.com
Boyce,121466,3 Brentwood Avenue,1131606,bkingscotedb@nationalgeographic.com
Haley,000336,4 Doe Crossing Court,2726525,hcicchellidc@nydailynews.com
Aloin,491006,91015 Maryland Terrace,0476316,aonionsdd@va.gov
Whitaker,532539,9 Arizona Circle,7047883,wosullivande@mozilla.org
Fleming,170566,08678 Sunnyside Court,6318961,fbreckenridgedf@ihg.com
Lucho,527603,40604 Eagan Lane,5242637,lbarribaldg@gov.uk
Bradley,956172,598 American Ash Place,6567832,bclewlowdh@nydailynews.com
Goddart,843852,22 Shelley Lane,7273948,ggilleydi@forbes.com
Traver,443537,88 High Crossing Circle,3968861,tawtydj@youtu.be
Paxton,933570,72678 Kedzie Circle,4616013,pelendk@mashable.com
Earvin,253633,58 Bobwhite Hill,4860109,efidelerdl@loc.gov
Raynor,812060,30 Derek Place,1696334,rhuniwalldm@newsvine.com
Early,082596,66 5th Place,5740432,emarteletdn@springer.com
Sigismondo,083140,7787 Hanson Junction,5977606,squakleydo@51.la
Ari,606041,870 Granby Junction,1121304,akingcotedp@ow.ly
Rod,815004,6 Stuart Trail,0943439,rronalddq@netlog.com
Olag,810126,93 Caliangt Place,8810204,owisdishdr@123-reg.co.uk
Immanuel,817428,02001 Cherokee Street,8250980,ipawelds@pinterest.com
Tomlin,005549,55003 Monument Junction,4805480,tpaffleydt@over-blog.com
Mattheus,895348,3 Prairie Rose Circle,0604164,mcarberrydu@google.com.br
Hayyim,518441,1 Hanover Pass,1136916,hcafedv@artisteer.com
Eddie,542267,59200 American Terrace,3851534,epinerdw@chron.com
Benjamen,110802,379 Village Junction,9705718,bforbeardx@livejournal.com
Richart,528585,67785 Northridge Point,3663277,rkeniondy@whitehouse.gov
Torrence,069616,0533 Stephen Junction,0274893,tpudneydz@comsenz.com
Ruben,558769,5091 Michigan Road,4708968,ryerralle0@walmart.com
Berkie,995745,6 Bowman Terrace,6767782,bgransdene1@reference.com
Dun,723729,33 Lakewood Gardens Avenue,6431380,dbumpasse2@trellian.com
Ring,026793,4985 Kensington Pass,8177768,relane3@trellian.com
Doyle,744771,66 Shasta Junction,0777864,ddawtreye4@earthlink.net
Kimble,157099,04 Corscot Center,5138757,kjorne5@netscape.com
Patric,396009,1 Petterle Avenue,3681469,pliddiarde6@gmpg.org
Skippy,573101,0218 Eagan Point,6733534,scockliee7@squidoo.com
Wash,885246,788 Farmco Plaza,5435520,wkarlee8@techcrunch.com
Thorin,177877,7 Spohn Avenue,4109927,ttowle9@dyndns.org
Newton,250776,9313 Comanche Pass,7680909,nivanishinea@chronoengine.com
Garth,301715,460 Scofield Parkway,6653901,gfairlaweb@behance.net
Isidor,228452,293 Lien Hill,7776280,ihaineec@eepurl.com
Bartel,296140,79565 Ruskin Street,6097429,bbrigdaleed@myspace.com
Patrizio,611205,8491 Monica Crossing,9653883,plyngstedee@privacy.gov.au
Onofredo,922442,84635 Gale Junction,4187948,oschoroderef@ted.com
Barnebas,000350,79062 East Pass,0943749,bguenthereg@vkontakte.ru
Prescott,171918,701 Reinke Place,0821381,pobrueneh@shinystat.com
Milton,676893,20 Namekagon Point,9509435,mbaudinotei@go.com
Hagan,937358,42 Loomis Center,0888832,hjoninej@dell.com
Siegfried,970501,7124 Macpherson Alley,2318715,sdeethek@un.org
Rudolf,423768,73 Chinook Alley,9323998,rlapthorneel@fotki.com
Hewet,673174,621 Roth Court,3683676,hdigmanem@lulu.com
Nap,876990,377 Spaight Center,8690680,ndomengeten@bing.com
Ferrell,262701,49693 Cottonwood Lane,9103087,fspoffordeo@npr.org
Neron,767122,34892 Declaration Alley,0155150,neldredgeep@sogou.com
Francisco,876664,9 Corry Point,4105093,fdeguiseeq@chron.com
Monroe,660407,96715 Monterey Center,2756047,mdomerqueer@yale.edu
Sayer,844761,93 Village Crossing,7322002,sborrowes@webmd.com
Bram,199586,3743 Killdeer Plaza,2232925,bdraycottet@loc.gov
Horton,372450,3678 Loftsgordon Pass,4503012,hstephenseu@devhub.com
Davidde,259466,69 Melvin Road,8441236,ddombev@census.gov
Kaspar,315198,287 Vera Alley,2259990,klearmouthew@wiley.com
Regen,360827,9540 Eliot Road,6777882,rrevieex@usda.gov
Christophorus,834203,6025 Melody Avenue,5435240,crainsburyey@cnbc.com
Laurent,302499,63 Swallow Street,7104479,lstonhewerez@va.gov
Ronny,916873,1 Columbus Avenue,7977344,rtrevaskusf0@walmart.com
Davin,166655,94913 Delaware Alley,1655263,dantonnikovf1@ibm.com
Mathew,498967,926 Vahlen Center,3530144,mmabbittf2@a8.net
Isaiah,692860,99 Harper Circle,5243692,inewnsf3@guardian.co.uk
Richmound,047755,86 Basil Trail,4092539,rkefordf4@archive.org
Monty,777436,76 Sugar Hill,5250018,meveritf5@list-manage.com
Adams,295869,8409 Oxford Parkway,1360062,adubbinf6@discuz.net
Ruy,604716,99467 Claremont Avenue,5280561,rpitceathlyf7@paginegialle.it
Ellery,862806,874 Lake View Junction,4498648,evolkersf8@businessinsider.com
Clerc,742658,152 Annamark Park,6353003,cleggsf9@drupal.org
Reinaldo,921240,393 David Center,8349731,rconibearfa@nymag.com
Dillon,191014,3 7th Junction,7765081,dgrunwallfb@ovh.net
Nero,796271,4 Elgar Place,1857047,ncastelfc@dropbox.com
Noby,799400,73930 Londonderry Parkway,6126056,nhonnicottfd@forbes.com
Lock,627627,24081 Bay Road,7682395,lmoakesfe@nps.gov
Palmer,304550,8 Jay Point,0254732,pjenceyff@sitemeter.com
Mitchell,976340,1125 Moose Court,7097281,mbaccupfg@jigsy.com
Niels,875854,488 Lakewood Plaza,5541433,nspillanefh@census.gov
Abby,446038,1 Westend Avenue,3767120,aservantefi@friendfeed.com
Regen,173193,260 Caliangt Pass,6071903,rtunesifj@washington.edu
Bertrand,628183,585 Jay Terrace,6627594,bseamonfk@sciencedirect.com
Elwyn,475210,792 Roxbury Drive,3120322,eemigfl@google.cn
Carter,997317,4223 Gale Terrace,8927716,corringefm@booking.com
York,947722,582 Sunnyside Pass,7834085,ybaylessfn@dmoz.org
Yuri,689745,5329 Ryan Terrace,6619106,ydupreefo@theatlantic.com
Mack,050973,10053 Stephen Road,6030247,mmeeganfp@toplist.cz
Walt,012705,0 Kim Point,0006940,wcalviefq@yahoo.com
Lockwood,035492,2384 Dennis Hill,5847156,lscallonfr@youtu.be
Antony,220742,9529 Lotheville Park,3353071,ameringtonfs@angelfire.com
Darbee,138789,0907 Buena Vista Plaza,8211297,dsprattft@last.fm
Granny,552954,2 Scott Place,8656830,gtuveyfu@harvard.edu
Gerardo,366172,09440 Hoffman Lane,0833218,gdarguefv@samsung.com
Carce,236637,562 Ridgeview Center,9973693,cwassellfw@discovery.com
Brok,523066,92 Carberry Junction,6955256,bredgravefx@clickbank.net
Trumaine,111447,7 Burrows Center,7162996,tgrigautfy@gravatar.com
Berkley,583963,0 Autumn Leaf Drive,1823146,brikardfz@moonfruit.com
Shurwood,236214,76 Fremont Circle,2971200,sbirkbeckg0@nbcnews.com
Osgood,855876,15 Ruskin Pass,2227098,ohincksg1@oaic.gov.au
Eldon,497123,106 Fulton Alley,1603444,eoharag2@google.it
Maurice,580655,296 Northview Parkway,3897034,mprinnettg3@yahoo.com
Dan,316151,3 Linden Circle,9223406,dhallexg4@phpbb.com
Torre,490590,41666 Bultman Terrace,9878721,tyosevitzg5@live.com
Hewie,496571,086 Monterey Place,2515469,hgroartyg6@wufoo.com
Antonino,630890,47739 Kedzie Pass,7580607,ayockleyg7@sogou.com
Dud,277736,7612 Mockingbird Terrace,8494881,ddurekg8@telegraph.co.uk
Stacee,149550,8041 Eggendart Circle,2518560,schidlowg9@scientificamerican.com
Dominick,878149,9 Moland Avenue,1753462,dbennallckga@macromedia.com
Lauritz,245189,09 Independence Street,7068231,lzanneligb@soup.io
Rem,787385,1 Kenwood Hill,8083474,rhearnshawgc@vkontakte.ru
Thorsten,089497,4 Randy Park,7863241,tlethbygd@smh.com.au
Lucius,003129,39284 Melrose Terrace,7726078,lkubicage@businesswire.com
Thomas,333852,670 Erie Park,3446369,tsaizgf@squarespace.com
Wilfrid,868131,78 Reinke Terrace,6570685,wferrarettogg@google.ca
John,390593,44974 Dapin Center,7451194,jbleythinggh@angelfire.com
Salomo,735076,56 Rockefeller Trail,4120201,syerrellgi@fastcompany.com
Christophorus,962637,92 Waxwing Center,2354555,cstormouthgj@ebay.com
Dukie,576774,07 Graedel Road,5040394,dbolzmanngk@feedburner.com
Avigdor,917181,587 Toban Place,3027377,ajendrickegl@twitter.com
Wright,254520,8 Coolidge Alley,5339838,wstuddersgm@ifeng.com
Roth,260352,1564 Chinook Lane,5525281,rgammillgn@sogou.com
Ahmad,073800,20886 Raven Terrace,4484843,acurriego@cbsnews.com
Rossy,576555,0 Mayer Pass,5354358,rocallaghangp@blog.com
Hans,739218,4239 Fuller Way,1641380,hrebichongq@fastcompany.com
Edlin,831024,80194 3rd Court,3066335,etattoogr@umich.edu
Brendis,150486,742 Daystar Parkway,3099250,bbeddinghamgs@smh.com.au
Orran,553867,115 Lotheville Place,5905550,ovasyukhnovgt@amazonaws.com
Emory,095661,7267 Declaration Way,2447304,eklimentgu@technorati.com
Martyn,512903,784 Butterfield Hill,6705821,mspearesgv@npr.org
Hewe,482130,0757 Park Meadow Lane,5527991,htaschgw@163.com
Ernie,327317,460 Burning Wood Crossing,6054829,etommasuzzigx@webs.com
Bax,573932,04952 Esch Way,0949145,bameygy@cdbaby.com
Cecil,147321,462 Carberry Terrace,2748931,cscranchergz@rambler.ru
Elihu,223842,5244 American Court,5792608,eglackinh0@arstechnica.com
Reginauld,902295,3806 Maywood Plaza,8581053,rheish1@gov.uk
Micah,250840,5247 Holmberg Road,7128030,mtadgellh2@mozilla.org
Kane,354542,410 Brown Court,5081733,kiggoh3@spotify.com
Brook,119403,89411 International Court,2296166,bbrigmanh4@latimes.com
Temp,434863,2190 La Follette Place,8145132,tphiloh5@who.int
Andrus,874669,5880 Riverside Terrace,9848417,adenoreh6@woothemes.com
Everard,329631,1703 Raven Center,2637433,ehustonh7@blogs.com
Nikolos,645678,3713 Chive Street,4686375,ntredgeth8@statcounter.com
Cecil,767449,92 Sundown Street,5845066,cjopeh9@dell.com
Isaac,034584,3982 Monica Road,2405191,icastellettoha@scientificamerican.com
Lazar,903529,1 Shopko Hill,1500799,lbattyllhb@t-online.de
Vito,731978,46 Erie Plaza,3349837,vmcgreayhc@gizmodo.com
Kev,925252,529 Homewood Lane,4802702,kmatejkahd@mac.com
Lucas,899248,6080 Clyde Gallagher Plaza,7301056,lebbinghe@seattletimes.com
Eadmund,609867,34 Delladonna Road,7700397,escotchmorhf@ucla.edu
Pancho,688858,42 Sherman Avenue,2199119,ptomblinghg@census.gov
Bentlee,584180,93 Union Hill,1837462,bkenchingtonhh@paginegialle.it
Finn,116437,713 Melody Terrace,8386258,fclaybornhi@wikia.com
Skipper,646588,14372 Hoepker Place,9958886,sochterloniehj@adobe.com
Neall,315733,9568 Butternut Park,8741972,ncregganhk@diigo.com
Ryun,911424,013 Everett Street,8907639,rduggenhl@bloglovin.com
Bordy,190394,63 Magdeline Parkway,4247981,bpothburyhm@lulu.com
Obie,698416,03 Nelson Street,7176617,obockmannhn@foxnews.com
Leeland,676684,10 Orin Way,3155025,ljohnceyho@noaa.gov
Rowney,710122,615 Steensland Avenue,7260194,rfoucherhp@opera.com
Mic,115275,729 Weeping Birch Avenue,2414067,mbrayfordhq@google.ru
Bernhard,487363,78 Tennyson Pass,2783925,bwincklehr@yolasite.com
Giffer,472030,82118 Forest Run Road,5178884,gtutchellhs@about.com
Jordan,346709,90232 Parkside Drive,8361425,jbowndht@desdev.cn
Noll,793822,253 Eastwood Terrace,6856482,nblythinghu@netvibes.com
Rab,432231,08862 Becker Park,2642764,reathertonhv@earthlink.net
Verney,124171,97158 Ryan Point,8127262,vhubbuckhw@e-recht24.de
Binky,402957,3596 Pleasure Court,0881876,bantonognolihx@google.com
Ad,410469,315 Hudson Circle,1281085,acrucehy@latimes.com
Cordy,181629,145 Rigney Way,8500467,cbustardhz@prlog.org
Granger,086381,02 Warrior Place,7445400,gkleinei0@nhs.uk
Sayer,454507,3138 Kenwood Lane,4473219,sbavagei1@storify.com
Delbert,254266,3 Golf Course Alley,8128029,ddescoffieri2@intel.com
Eduardo,609300,4959 Debra Circle,5112601,ehevneri3@seattletimes.com
Dru,440177,08 Cottonwood Alley,6639384,dstellii4@skyrock.com
Hendrick,050815,32 Porter Hill,2282934,hshovelli5@mlb.com
Sylas,992415,4 Garrison Crossing,1845804,spadgetti6@github.com
Russell,944238,596 Maryland Pass,2393474,regentani7@wikimedia.org
Wiley,330249,1 Atwood Drive,3890201,wheaslyi8@shinystat.com
Raynard,943790,9 Everett Lane,9931466,rsolesburyi9@macromedia.com
Patin,022507,7727 Blue Bill Park Hill,5243463,pmaccombeia@yellowpages.com
Fidole,151172,4 Farmco Circle,0477800,fhamprechtib@meetup.com
Franchot,449790,5975 Superior Pass,0457631,fattwoulic@phoca.cz
Anderson,568236,46 Lawn Terrace,1442787,avisickid@baidu.com
Khalil,583475,0 Bunting Avenue,8518775,kewbanckie@yale.edu
Levey,609083,92720 Badeau Street,6333333,lboyfieldif@seesaa.net
Red,187084,1 Jackson Center,5329449,rpawelskiig@google.com
Gavin,218247,30858 Thackeray Place,8753413,gheadrickih@va.gov
Isaiah,995536,485 Twin Pines Parkway,9824593,itenchii@house.gov
Aldridge,276356,1 Hoepker Court,6840026,adaintreyij@slate.com
Denis,019058,49468 David Avenue,0997978,ddiggensik@timesonline.co.uk
Rosco,079820,08909 Autumn Leaf Avenue,7964668,riscowitzil@etsy.com
Tadd,792766,4 Forster Parkway,7276510,tjurischim@sciencedaily.com
Pembroke,253242,4 Superior Circle,5163060,ppedlowin@timesonline.co.uk
Jimmie,756701,2 Talmadge Terrace,3037485,jcolquhounio@about.me
Micheal,585802,0773 Oak Park,9151105,mstandageip@virginia.edu
Ezechiel,620583,335 Caliangt Center,2624816,eaubryiq@fema.gov
Trever,758031,9628 Di Loreto Hill,4819920,tamyir@npr.org
Joey,422852,63 John Wall Hill,6963833,jchatenieris@ftc.gov
Danny,094102,10125 Sheridan Circle,5698041,dringsit@moonfruit.com
Evered,318490,530 Shelley Place,4672975,ecomettiiu@chicagotribune.com
Kyle,574518,133 Northview Court,3698425,korfordiv@digg.com
Burr,837620,8545 Michigan Alley,3035824,bmacbeyiw@cbc.ca
Clifford,953199,79886 Green Street,4922043,ckingcottix@columbia.edu
Issiah,318052,5769 Green Plaza,3711711,ibuttrissiy@unesco.org
Garreth,717960,03800 Hoffman Crossing,1727674,gtrownsoniz@latimes.com
Izzy,299363,29910 Laurel Hill,1542598,iollerj0@slate.com
Ripley,615316,4 Bartelt Terrace,9061778,rwaitlandj1@list-manage.com
Pierson,287690,79 High Crossing Crossing,5358090,pstaceyj2@ed.gov
Andres,952523,7 Raven Center,9473751,abalmaj3@archive.org
Del,420424,516 Sage Place,2067234,dwestoverj4@etsy.com
Albrecht,540983,8620 Twin Pines Road,6477709,asimnelj5@cnn.com
Carey,846831,788 Farmco Park,1949350,cwindersj6@discovery.com
Leon,899806,3541 5th Road,7035065,lbratchj7@techcrunch.com
Foster,260540,29 Anhalt Drive,0745707,fredhillsj8@blogs.com
Paco,635694,0525 Duke Alley,3080905,pandrettij9@bizjournals.com
Boone,127099,84 American Ash Way,5442826,bmaddenja@godaddy.com
Wainwright,704971,5 Utah Way,8193699,wweldjb@wp.com
Morton,625664,55656 Hazelcrest Place,4346561,mhinschjc@mtv.com
Sinclare,927322,74 Scott Place,0814425,smanterfieldjd@mac.com
Jake,751834,81 Dahle Terrace,7686025,jwillinghamje@mozilla.org
Claybourne,555240,9 Sutherland Trail,3157489,cciccottiojf@e-recht24.de
Harcourt,728675,7359 Graedel Pass,1924239,hcawleyjg@earthlink.net
Stanislas,509014,193 Wayridge Court,5353137,sepslyjh@yolasite.com
Adams,447907,17 Oakridge Drive,3600950,awillarsji@xrea.com
Bobby,243684,5316 North Crossing,7233854,bmarsiejj@theguardian.com
Cy,222963,890 Dapin Street,3969774,ccouvetjk@examiner.com
Maximilien,719979,692 Straubel Center,4925069,mhullotjl@walmart.com
Prescott,782020,8487 Pleasure Alley,8083298,pdoxseyjm@w3.org
Davin,782261,4861 Merchant Drive,6839790,dlamburnejn@a8.net
Gifford,790783,444 Granby Terrace,5581697,gtarbertjo@aboutads.info
Jeff,325789,8 Mockingbird Court,5759911,jathersmithjp@flickr.com
Sibyl,752808,6946 Mcbride Alley,8266472,slegrandjq@chicagotribune.com
Cortie,334772,06 Carioca Pass,9437451,cdugaldjr@digg.com
Haily,943351,0 Hoard Terrace,8572284,hcarlssonjs@skype.com
Wilfred,213590,1 Novick Trail,4167903,wledinghamjt@goodreads.com
Paddie,207350,29 Mesta Crossing,8344770,pbrighamju@bloglovin.com
Gerome,137229,65 Dorton Road,9059759,gsebrensjv@yelp.com
Garret,892463,385 Garrison Pass,8962081,gkitneyjw@marriott.com
Freddie,904189,1814 Fuller Alley,2414140,fklimentyonokjx@barnesandnoble.com
Ernesto,124751,315 Annamark Road,7340562,ejeffersonjy@ted.com
Humfried,714964,13402 Badeau Point,3564637,hlyfordjz@pcworld.com
Ganny,594168,28 Bartillon Court,8195392,gfaughnank0@google.fr
Willie,897249,535 Everett Drive,1920527,wtapplyk1@bigcartel.com
Blaine,384381,00 Sundown Street,9453559,bduckwithk2@vk.com
Trefor,008658,63075 Northview Way,0939434,ttemblettk3@walmart.com
Hyman,310917,7605 Melby Drive,6352774,hsmithk4@alexa.com
Samuele,141056,301 Valley Edge Lane,6495611,speeblesk5@nps.gov
Tam,889067,30 Westerfield Plaza,7067759,tgotfreyk6@xrea.com
Ilaire,034097,4922 Amoth Circle,8666500,iwidocksk7@imgur.com
Marchall,079069,91532 Del Mar Way,6467696,moldalek8@constantcontact.com
Talbot,186009,930 Drewry Street,8471448,ttattershallk9@merriam-webster.com
Mattie,564399,528 International Plaza,6099279,mmessiterka@sohu.com
Berky,882478,1380 Messerschmidt Crossing,7967907,bwristkb@prweb.com
Manfred,279719,66369 Heath Park,0997909,mjuddkc@globo.com
Koenraad,805660,87 Independence Hill,5608663,kdradeykd@photobucket.com
Klemens,801760,25 Glacier Hill Court,8554193,kisardke@slashdot.org
Janos,695996,59373 Knutson Avenue,5277115,jedgsonkf@yale.edu
Silvio,246070,82034 Almo Road,6824506,sbrimfieldkg@ca.gov
Elia,541884,32 Crescent Oaks Parkway,6247419,ejusthamkh@symantec.com
Obie,245308,3 Parkside Place,8019545,oavelingki@npr.org
Yvor,358360,3 Armistice Place,0775538,yhoulstonkj@163.com
Davidson,472148,45 Ridge Oak Crossing,6849674,dstutherkk@github.io
Howard,495420,01545 Cottonwood Point,9202239,hpetracchikl@bravesites.com
Judd,470587,98 Muir Alley,1323017,jdedenhamkm@scientificamerican.com
Brit,677948,91361 Lighthouse Bay Drive,9202285,bmiltonwhitekn@facebook.com
Eustace,411357,4 Mariners Cove Terrace,9749684,egeriko@census.gov
Allyn,006020,041 Stephen Park,4242534,aolivarikp@mtv.com
Miguel,285691,4 Straubel Plaza,6649714,mrankinkq@unesco.org
Garret,305288,3727 Hansons Pass,5765889,giremongerkr@paypal.com
Pepito,372448,4 Arkansas Alley,7910128,pcrowleyks@discuz.net
Andres,275722,2 Troy Avenue,1912239,avarndallkt@cdbaby.com
Byram,282549,61 Prentice Terrace,4309879,bphilippouku@baidu.com
Edgar,376506,94840 Thackeray Parkway,3519399,edrinkalekv@ucsd.edu
Emmy,924394,50 Dexter Place,4148374,emckevinkw@amazon.co.jp
Domingo,558957,90580 Moulton Crossing,8904855,dcislandkx@technorati.com
Willy,421378,23 Commercial Place,1616925,wcleatorky@sbwire.com
Curran,109590,17792 Blaine Park,3550315,cgiacomellokz@i2i.jp
Courtnay,420140,29 Pine View Lane,4686902,cmarryattl0@reverbnation.com
Mattheus,329593,85008 Harper Terrace,5492722,mvanhaeftenl1@4shared.com
Torey,258352,09 Daystar Junction,2971618,tdericotl2@si.edu
Ansel,776266,839 Manley Trail,8581271,aoball3@comsenz.com
Eamon,814684,3453 Merrick Point,9952157,etrillowl4@google.co.jp
Davidde,668927,72 Blaine Crossing,4135142,dtombsl5@webeden.co.uk
Franklyn,452899,16 Scoville Place,9503456,fglackenl6@icq.com
Tore,622022,6178 Havey Terrace,9698991,teskrickl7@github.io
Ruddie,876856,630 Butternut Drive,4993779,rreiachl8@fema.gov
Etan,258174,22 Lerdahl Terrace,2018085,emantlel9@un.org
Bradford,329096,2562 Golf Course Alley,8233913,bhubbardla@illinois.edu
Melvyn,883608,74 Rieder Drive,5714991,mvaunelb@t-online.de
North,626243,873 Duke Drive,5615764,ngorettilc@lycos.com
Daven,826428,50575 Melvin Plaza,0028723,dromayneld@arstechnica.com
Wallis,428808,2743 Thompson Road,5282078,wgrishechkinle@theatlantic.com
Kim,161895,93 Boyd Pass,4001001,kgiacomuzzolf@shareasale.com
Stefano,900502,2342 Delaware Trail,6085453,sondriceklg@latimes.com
Timmie,974858,936 Mesta Avenue,2692451,tdangelolh@scribd.com
Enoch,524422,3 Paget Avenue,5803293,esimakli@blinklist.com
Lorin,513555,5 Victoria Point,4341942,ltansleylj@mail.ru
Batholomew,117486,1728 Mayfield Street,0238515,bburdgelk@opensource.org
Roosevelt,337944,1 Buena Vista Point,4698890,rdillinghamll@howstuffworks.com
Ryan,267405,6029 Messerschmidt Place,8501845,rphillcocklm@guardian.co.uk
Wynn,192490,99999 Chinook Park,8725114,wetterln@wordpress.org
Rudolf,204718,7463 Bluestem Center,0417101,rhollingtonlo@ucsd.edu
Nikolaos,861710,90717 Barby Road,6002129,nwarbeyslp@berkeley.edu
Kendall,634815,98396 Sachs Trail,9474093,ksummonslq@technorati.com
Granger,709790,07 Jackson Crossing,4082537,grzehorlr@ameblo.jp
Reese,215834,39 Summerview Drive,6136979,rkeatsls@nationalgeographic.com
Derry,501547,99448 Del Sol Park,5450050,dfarnhilllt@chicagotribune.com
Ezequiel,650185,185 Melrose Drive,9140978,ecargenlu@nature.com
Isidore,588266,9 Ryan Court,7320059,idannlv@about.com
Cosimo,349589,83132 Golf View Place,3626640,cbriggelw@cmu.edu
Corny,213018,887 Messerschmidt Parkway,8960286,cespaderolx@tripod.com
Padget,812903,1 Village Green Alley,1315532,pmcilvaneyly@cdbaby.com
Biron,650483,7 Upham Hill,6274667,bbletsorlz@cnbc.com
Abby,576698,7460 Esker Lane,4823590,akingcottm0@house.gov
Ellsworth,015367,84 Lindbergh Park,0972647,etuftm1@princeton.edu
Clifford,880171,572 Del Sol Point,7784183,cokendenm2@cloudflare.com
Tirrell,698080,94 Chive Street,6736390,tlambdonm3@howstuffworks.com
Marven,042848,84528 Ridge Oak Road,4248064,mgannicottm4@epa.gov
Dimitri,478034,0 Hansons Lane,5128044,dfarmarm5@intel.com
Alberik,851781,01 Darwin Avenue,2186114,apeticanm6@wired.com
Nils,745599,2246 Luster Trail,1613357,neadym7@wikimedia.org
Hallsy,666824,3603 Calypso Lane,3646377,hnewensm8@trellian.com
Peirce,399971,1 Mosinee Parkway,9567448,pnezeym9@vinaora.com
Vlad,723960,20828 Fuller Circle,2232925,vpfefflema@discovery.com
Kalil,534519,6127 Hallows Park,9720099,kbridywatermb@cdc.gov
Noll,748807,6 Annamark Alley,8939297,nohingertymc@loc.gov
Jamesy,413118,186 West Hill,8435993,jpassfieldmd@nba.com
Hammad,891081,96545 Bobwhite Junction,5176915,hgummeme@rambler.ru
Dal,106063,3472 Butterfield Terrace,2650686,dplessingmf@washingtonpost.com
Luca,816387,21 Hintze Avenue,6077853,ldunslevemg@amazon.de
Carr,111148,387 Canary Place,3290762,ckennewellmh@deliciousdays.com
Curtice,105401,32154 Dawn Junction,0255378,cglandonmi@aol.com
Langston,339861,8 Scofield Lane,2032612,ldukesmj@sun.com
Stearne,867138,007 Eastwood Crossing,3164338,sfullickmk@woothemes.com
Fransisco,039156,2 Kennedy Court,2821882,fgrishakinml@xinhuanet.com
Aluin,495165,273 Talisman Center,2876381,asieghardmm@ezinearticles.com
Westbrooke,057885,099 Stephen Place,4703678,wkobumn@soup.io
Vinny,546624,0317 Old Shore Terrace,2062528,vlavignemo@discovery.com
Fidel,243240,066 Union Street,5271288,fdekeysermp@blogger.com
Stacee,125252,98 Delladonna Court,3461929,smckeranmq@cbc.ca
Ciro,732075,0 Maryland Road,1387574,cdykinsmr@skyrock.com
Porty,231070,34 Mitchell Avenue,8370405,pmallinderms@canalblog.com
Gregory,482623,9 Clyde Gallagher Trail,3127307,gmiliermt@soup.io
Lefty,876425,60 Red Cloud Alley,1925963,losgarbymu@youtu.be
Brnaba,845679,795 Truax Point,2964246,bhassallmv@goo.gl
Grannie,411948,4486 Mandrake Park,9670012,gvidgeonmw@ifeng.com
Nealy,177993,3 Northfield Avenue,4632347,nmenichinimx@netlog.com
Roley,762022,85 Chive Hill,8270231,rchalfainmy@technorati.com
Mac,366852,31108 Fallview Terrace,5257943,mgrigormz@tripod.com
Donny,285122,4 Sullivan Avenue,7143662,delecumn0@1und1.de
Kenton,019401,8 Dovetail Street,6854527,kuriann1@go.com
Ailbert,371289,76 Birchwood Circle,0610946,athorndalen2@chronoengine.com
Jae,109212,0 Crowley Trail,8828354,jjohnsonn3@soundcloud.com
Nestor,005956,384 Schlimgen Hill,0835698,ncoombsn4@arstechnica.com
Mahmud,888857,4 Scott Drive,8656981,mrismann5@bing.com
Gustaf,737872,1 Red Cloud Park,9622080,gandrollin6@alexa.com
Rodrigo,716992,51 Toban Road,0299835,rcesconn7@huffingtonpost.com
Rusty,995980,6928 Linden Center,0911415,rkrautn8@businessweek.com
Englebert,704384,4404 Monterey Terrace,8357184,estanilandn9@purevolume.com
Laurent,729271,998 Pearson Street,3626527,lbroomna@liveinternet.ru
Desi,159594,9 Pond Hill,2373124,dbissnb@marriott.com
Kele,192434,2 Evergreen Park,1932131,kpimbleync@surveymonkey.com
Garrick,461430,50820 Pleasure Trail,4812019,govensnd@soundcloud.com
Yulma,284436,95369 Ludington Lane,7607581,yewensne@booking.com
Leo,143565,7254 Sunfield Way,6582832,lfiginnf@sbwire.com
Price,528658,45 Roxbury Park,4895944,pdeakinsng@alexa.com
Willey,930087,7 Shasta Plaza,3436160,wesilmonnh@usatoday.com
Marcel,101977,46322 Moose Drive,1217827,mtrevenani@wordpress.com
Maynard,686583,08393 Gerald Lane,3676556,mleebeternj@webmd.com
Garrott,627900,88 Thierer Avenue,9853017,grodingernk@yale.edu
Sunny,649171,83865 Banding Avenue,2131408,sboundnl@netvibes.com
Kale,370986,80812 Rowland Street,1997169,kfayternm@noaa.gov
Minor,870308,20329 Dennis Avenue,9417052,mcoastnn@deviantart.com
Ellswerth,066790,5 Loomis Parkway,7720512,ecomettono@mtv.com
John,309383,879 Bowman Plaza,7900192,jballaamnp@upenn.edu
Sutherlan,276194,8 Caliangt Court,2767978,stenneynq@army.mil
Reilly,355975,15258 Carpenter Hill,1585152,rdelaundenr@ted.com
Hastie,433782,5 Birchwood Center,2225201,hdumelowns@github.io
Alanson,660671,73299 Burrows Place,5267462,awillersnt@thetimes.co.uk
Bogey,311645,26 Stone Corner Drive,0758871,bwordingtonnu@dedecms.com
Korey,708396,1616 Leroy Place,0903727,kplanksnv@omniture.com
Morris,000855,1 Graedel Drive,3443228,mlistonnw@sciencedaily.com
Hallsy,659309,85677 Manley Avenue,3067308,hgovininx@wikispaces.com
Calvin,370355,65451 Mendota Avenue,3704538,ccorahny@wisc.edu
Andonis,757895,1 Del Sol Place,4725519,acobonnz@va.gov
Berty,237611,721 Manley Lane,4173464,blindseyo0@slashdot.org
Godfree,228085,843 Russell Court,2573462,gstrettono1@geocities.com
Gail,029380,58 Cordelia Parkway,9671974,gbartlomiejczyko2@barnesandnoble.com
Bryn,694124,166 Spaight Point,0448904,bbattailleo3@nydailynews.com
Munmro,557815,34205 Gerald Pass,6683565,mblenkino4@ucoz.com
Frederic,827673,288 Linden Circle,8013714,fnickollo5@angelfire.com
Morly,126827,76760 Hooker Circle,6372821,mshottero6@devhub.com
Mikey,828424,9 Vera Street,9479056,mvickaro7@t-online.de
Beale,173981,7988 High Crossing Center,2263516,bgiacopettio8@answers.com
Dermot,604239,7 Reinke Road,1698889,dkimburyo9@unesco.org
Hurley,729623,87 Upham Avenue,5202435,haprahamianoa@privacy.gov.au
Welbie,841520,546 Briar Crest Parkway,8423791,wkornasob@dmoz.org
Burg,503639,9 Service Drive,6948034,bbrockbankoc@nba.com
Denys,134103,638 Kipling Pass,5351532,dcluelowod@spiegel.de
Judas,552951,65 Talmadge Hill,6475911,jsoalloe@google.com.hk
Hurleigh,354157,435 Fulton Center,4901690,helstobof@nsw.gov.au
Teddy,647150,0 Anthes Park,3609163,tburwoodog@technorati.com
Harv,369343,6251 Hazelcrest Park,0055991,hnaldrettoh@google.com.hk
Gregor,150559,07 Eastlawn Alley,6748523,gpeizeroi@elpais.com
Franciskus,489224,7579 Menomonie Drive,8060552,fschapirooj@oracle.com
Broderick,507770,286 Bowman Junction,6988840,btraskok@nih.gov
Luciano,972865,780 Arapahoe Lane,4466739,lsambidgeol@theglobeandmail.com
Armin,887597,750 Graceland Center,7642223,agalbraithom@soup.io
Lovell,558171,9353 Jana Way,5406686,llannonon@twitter.com
Paco,388619,8 Eggendart Crossing,9665737,pspellissyoo@tamu.edu
Lorrie,086194,0 Dottie Trail,8838087,lorridgeop@microsoft.com
Ravi,264404,9792 Fulton Court,3160061,rboncoreoq@salon.com
Hewe,706753,3333 Warrior Park,4399595,hmaccullochor@odnoklassniki.ru
Reilly,789036,41452 Scott Park,7079824,rmyrickos@aboutads.info
Conney,358609,3 Dakota Plaza,9168305,cdollardot@ehow.com
Ozzy,238861,6780 Jenifer Drive,0967633,obusherou@scientificamerican.com
Yorke,293512,7828 La Follette Circle,2477304,yjoyseyov@google.it
Barthel,859765,503 Brown Place,4694751,bdurnoow@mozilla.com
Wiatt,626027,62414 Daystar Avenue,2459551,wduboisox@hhs.gov
Raul,461236,59 Bluestem Junction,8871900,relderbrantoy@taobao.com
Benito,255894,351 Coleman Lane,9158400,bkerbeyoz@mysql.com
Sayers,863575,30 Farragut Trail,8017498,sdampierp0@privacy.gov.au
Thorndike,748152,30 Bayside Drive,3126633,tgiacomellop1@umn.edu
Elvis,229293,76858 Golf View Road,5728327,esneesbiep2@ibm.com
Sterling,301947,1968 Clarendon Circle,8227318,scrosbyp3@nps.gov
Frederich,907415,7614 Hallows Way,8799653,fkeileyp4@nps.gov
Derrik,519251,07 Lighthouse Bay Circle,4846591,dsonnenscheinp5@nymag.com
Waylen,053319,570 Di Loreto Point,9061142,wantuonip6@hc360.com
Renado,686107,07797 Banding Avenue,0853728,rvaneedenp7@google.fr
Lockwood,053797,2158 Bowman Parkway,6436665,lpiriep8@bloomberg.com
D'arcy,255892,7 Buell Place,1001923,dklessep9@over-blog.com
Melvyn,878142,1 Helena Junction,8435632,mdederichpa@mail.ru
Jeddy,594325,66652 Warrior Lane,1817280,jlenniepb@scribd.com
Kinsley,095191,77 Southridge Place,0553176,kgiovaniziopc@tuttocitta.it
Ezequiel,059473,657 8th Court,1023350,einnmanpd@hexun.com
Emory,382382,3963 Melby Terrace,6686246,efyrthpe@engadget.com
Egon,513408,16 Haas Circle,3123572,egatesmanpf@google.com.au
Gaby,060211,80663 Leroy Point,5516814,gdufourpg@sbwire.com
Hurleigh,054981,2 Mayfield Junction,0492788,hsharmanph@comcast.net
Doyle,916879,97071 Roxbury Hill,8087643,dwoodruppi@lycos.com
Wayne,491887,70281 Reinke Road,8532044,wdabelspj@gravatar.com
Leonhard,386062,165 Fairview Court,6195877,lcowdroypk@live.com
Hasheem,351167,5808 Nova Avenue,8131791,hormstonpl@hud.gov
Guthry,529971,689 Grim Crossing,0628872,gkingswoodpm@opensource.org
Gothart,753823,581 Shoshone Crossing,2385162,gshavepn@geocities.jp
Laurent,232749,17660 Luster Road,4758672,lreinmarpo@google.ru
Alix,904645,8 Warbler Avenue,0458587,amccaskellpp@state.gov
Erroll,297597,46632 Judy Parkway,7727266,elewinspq@upenn.edu
Torrance,131474,7 Bluestem Pass,5841995,tkillbypr@istockphoto.com
Xavier,651627,5 Red Cloud Drive,0499542,xhyltonps@gnu.org
Julio,660027,01278 Manitowish Terrace,4209132,jgerardipt@nhs.uk
Antons,424334,81 Northridge Junction,8165518,arustidgepu@livejournal.com
Clyve,951907,5 Ridgeway Plaza,4186020,cmccorleypv@ihg.com
Isacco,699460,6 School Center,7110274,ihustingspw@yale.edu
Forrest,302730,1509 Orin Road,6844021,fsimopx@washington.edu
Ryun,534425,11 Transport Street,0795146,rkollaspy@blogger.com
Darin,055854,8 Jackson Avenue,5536782,dcastrillopz@dailymotion.com
Gabriello,423547,9878 Westridge Hill,5036118,gmaccaffertyq0@gizmodo.com
Ciro,477325,30250 Banding Trail,2737349,cjeeksq1@histats.com
Hervey,846279,834 Schurz Pass,6143578,hsneezumq2@dailymotion.com
Eldon,348177,9 Kenwood Trail,2186093,ebrandtq3@mashable.com
Anatole,432855,6647 Glacier Hill Plaza,1749948,adrableq4@google.it
Winny,241693,42189 Rockefeller Avenue,9539682,walekseicikq5@cam.ac.uk
Yuri,103271,62375 Eastlawn Pass,8626562,ygarwoodq6@goo.ne.jp
Bendick,886603,6 Reindahl Court,6999538,bfisbeyq7@springer.com
Osgood,391242,18950 Namekagon Terrace,5070652,orawdallq8@mozilla.com
Ario,971154,01759 Sutherland Crossing,4034974,aweldsq9@eventbrite.com
Brandtr,188412,48 Becker Trail,2213681,bnagleqa@godaddy.com
Gran,651116,287 Hazelcrest Terrace,7917135,gcowansqb@census.gov
Burch,495809,93 Logan Street,7910950,bnewittqc@gov.uk
Earvin,949881,4123 Muir Center,5101517,eburgonqd@comcast.net
Khalil,224145,50 Moulton Plaza,9120389,kmuckeenqe@infoseek.co.jp
Phillipp,180415,2 Browning Junction,9672767,pjewksqf@dailymotion.com
Allistir,966434,8 Hoepker Avenue,9777066,avilleqg@uol.com.br
Tobit,664886,6 Comanche Parkway,0868648,tfeasbyqh@i2i.jp
Jon,776086,93 Weeping Birch Circle,0905372,jheskinqi@nature.com
Iorgo,560005,52035 David Terrace,3008769,icampsallqj@cbslocal.com
Casey,582113,8895 Calypso Pass,8358009,cmixhelqk@networkadvertising.org
Ernest,380177,36240 Macpherson Junction,3866928,ealhirsiql@deviantart.com
Amos,352756,620 Jenna Hill,9221849,ascourgieqm@dyndns.org
Micheal,015643,65 Menomonie Lane,7753732,msanterqn@ameblo.jp
Jamesy,510561,406 Bobwhite Lane,4914221,jmoormanqo@soup.io
Aluin,356205,95237 Gerald Pass,0333764,amaceqp@yahoo.co.jp
Waring,438086,55148 Spenser Street,3504482,wholbarrowqq@reddit.com
Elden,055654,912 Golden Leaf Circle,7519348,ejuppqr@google.it
Calvin,200303,302 Helena Terrace,2113953,ccorrettqs@nps.gov
Rriocard,950427,785 Center Place,2779735,rfalconarqt@nytimes.com
Rickie,198870,1684 Spaight Parkway,7766084,rgiralqu@soundcloud.com
Dukie,750716,909 Northland Center,2314405,deadyqv@feedburner.com
Dwayne,429402,8 Moulton Road,8638958,dhugleqw@github.io
Aldwin,379567,4215 Forest Parkway,2500408,acarsqx@bbb.org
Jimmy,306355,66 Talmadge Parkway,2672998,jmattkeqy@barnesandnoble.com
Alan,137267,39 Cherokee Place,0366169,arultonqz@chron.com
Niles,541303,0547 Carioca Court,2530443,nmaeerr0@fastcompany.com
Ulric,963228,16 Crescent Oaks Hill,2731716,umatyr1@comsenz.com
Vladimir,914283,32227 Redwing Plaza,4756332,vskillenr2@cnbc.com
Jarrod,383057,7591 Eagan Street,7802219,jcastlesr3@paginegialle.it
Chancey,236145,2791 Karstens Parkway,6230343,cscafer4@narod.ru
Levy,286064,6 Granby Way,0835898,ldibsdaler5@un.org
Kristopher,913512,1803 Birchwood Way,7790988,kcanlandr6@cpanel.net
Hobart,957816,65 Anzinger Way,2138518,hduberryr7@columbia.edu
Malcolm,868638,3 Veith Avenue,7847578,mgerltsr8@vistaprint.com
Grantley,496589,698 Loftsgordon Park,1440552,ggopsillr9@slideshare.net
Gilbert,352030,37 Jenifer Plaza,3871176,gdaudra@smh.com.au
Francklyn,598040,78003 Arkansas Court,9701237,fharknessrb@baidu.com
Glenn,956865,21 Transport Avenue,5452049,gmaguirerc@hugedomains.com
Vernen,382713,9918 Vernon Street,1175248,vswiftrd@alexa.com
Jack,525124,053 West Road,5924450,jgunstonre@cbc.ca
Garvy,895165,168 Coleman Pass,3951311,gcorteisrf@joomla.org
Waldemar,412763,71144 Raven Circle,9092935,wchartresrg@adobe.com
Wyn,231950,6 Pearson Avenue,4413267,warnoldsrh@furl.net
Temp,142351,8267 Toban Point,9630430,tloomisri@github.io
Clark,961167,17 Lunder Hill,6341443,cweepersrj@google.nl
Gray,694266,4651 Onsgard Terrace,6058727,gleggatrk@mozilla.org
Crosby,094657,6 Kingsford Hill,6149686,cfibbingsrl@chronoengine.com
Rufe,531601,8546 Park Meadow Way,6836777,rserridgerm@deliciousdays.com
Andrej,679619,9996 Forest Dale Hill,3675881,awhathamrn@skype.com
Lucien,973578,52977 Shelley Center,3610881,lumbertro@feedburner.com
Les,992664,4 Vermont Point,6433385,lolivetrp@twitter.com
Aubert,158332,69 Becker Junction,6759421,adepkarq@oaic.gov.au
Emmit,156386,1787 Arizona Point,8617802,egiverr@sfgate.com
