lkluger0,zvdaev62
achesswas1,wocpuk22
wbuttrey2,kdisst92
filive3,pgpnmj55
bandrichak4,kghuss44
ymiebes5,hyvrsu84
mbrundall6,twqkjx03
bsolland7,ckncna96
gdavid8,hjtdpe13
mslym9,gewfaa35
mhempshalla,etdunt67
trapob,tpoeqg48
ymcpakec,brapbp94
tluigid,xjcrzj18
rrosgene,ppjdmo47
cgoodayf,krzodu89
ecarng,dplxql64
vaddieh,fczooj97
bvairowi,stmfbh11
amatkinj,tdlhkq22
nabramik,lrjnfb57
ysolleyl,tallfn89
odanbim,tecgxs90
ewoolwardn,vszgmk75
hcrooteo,mrdffv76
njacopp,zytklt79
agonthardq,ixegmd99
hphillisr,bvqssi36
nelmhirsts,wkysap92
chalidayt,coieek02
ngrigoriniu,yvkndt57
chemsteadv,adxnmw56
ddenisyukw,ifyuxz29
qlernerx,niedak31
aneildy,nmzasr03
zstookez,qwzpba09
ywhitehall10,iwxwsm12
dchaffen11,uakjew88
kgibbe12,orhmaj15
kleadbitter13,hyeqbe14
mdelgardillo14,diedcc45
ewhittaker15,sgxmov17
bperrottet16,nawkeu72
kfurby17,rqmidj29
ilindenfeld18,ozmtaq62
irenak19,gkvcib18
lgritten1a,gkiuxz55
epriden1b,paggxr06
edinnis1c,nosebd15
ahrinchenko1d,xquerh36
bharry1e,ndmzwh68
syarranton1f,kjltqo85
bleveridge1g,agoovz75
dornelas1h,dinupo77
mnarraway1i,nwvqcy65
rbalogh1j,ktdexo69
fyerrill1k,sgebbu99
btitterell1l,ynkuda88
jjanew1m,dqesff95
mseed1n,mbdyus23
dgoddard1o,gerpff51
llettson1p,mgwcmz29
asturgess1q,bchukj09
hlipman1r,lndbpk11
rerswell1s,oslrbq82
bsteade1t,xxvqvl60
apfaff1u,eogmow88
csmitton1v,wdvqul50
lbennell1w,ldbynt03
rklesl1x,owsvda70
spietrzyk1y,eajqiw12
lbollam1z,vmitcj00
lvanyashin20,snopbw78
jcockitt21,icibdd46
jcruse22,rdtmju93
abyart23,slwans62
vgruszecki24,dlvctr48
dgleader25,mukron72
mbenes26,mjbmfq51
rklewer27,ewvdlh04
rdipietro28,hdnrfo00
mofaherty29,jgrmrn10
dhellwing2a,ueylte89
pengel2b,jqxubd95
mgiggs2c,mgilxm28
dbourner2d,iadrtr08
eiacoviello2e,jzxmgo41
npenson2f,gqefld26
tcotte2g,sdxahj44
rprine2h,ajemzc70
cbittany2i,nrqhsm57
scrossingham2j,yocxpa77
mpiggot2k,apzvuv05
eblabey2l,fznrug49
lmadner2m,hcljdu14
mborsi2n,cxamve08
mfruen2o,hajbtt29
srosenblum2p,kgvmxf90
bgulley2q,fqfeyw78
djeaycock2r,rgmgyd50
gzoanetti2s,sjqsef99
oivanikhin2t,dyhhvs75
ddarville2u,vcxaos22
deddison2v,fsbjng74
gpauly2w,fcbfeq48
philliam2x,oalhdu15
kchmarny2y,oqecxg76
tconlaund2z,gloejs88
rshakesbye30,lohyup04
dgurg31,qbtghr13
nbusfield32,nyslxt86
swerrit33,xricot31
tschafer34,mhgmzf18
gjoy35,rvwbec18
droscamps36,fyjkkc13
adymidowski37,azvzka55
swadham38,twlulu58
jcampes39,tdwfoo70
swestrope3a,xaujny89
jscoines3b,xlgppc81
mnoraway3c,zgnznz10
tgrunnell3d,jcaueg49
bpeye3e,pibeap24
tbeharrell3f,tkuluk79
asindall3g,krzuoz99
smesias3h,mystwn85
lscreaton3i,fsytpw73
jmozzi3j,prnsri76
vmccourtie3k,vmndpz75
mgarretts3l,gmxdms71
kpittford3m,hfniiw71
mriddler3n,segxja73
lgass3o,lquvgy01
belsop3p,wgnyal61
mgatling3q,dbibmb97
ilindelof3r,whtajr90
dcosgreave3s,xivwma41
nbretland3t,kkzoym68
jstoggles3u,jipolo92
jdhennin3v,lxrosu01
mshelper3w,lfynet79
mvanbruggen3x,csrzwx41
rfosken3y,hqktyg86
egreschke3z,lfuqbz75
mpagden40,zdthdo75
npledger41,sdulye29
tbabber42,tgnzie72
mdrohane43,twgtoh54
ryakunin44,iasrsq13
dbagwell45,efnjmg72
hwistance46,cgjaqk16
aferandez47,jdhctc39
tbatcheldor48,giqtit30
hablott49,obxofx83
iibarra4a,jzczyp84
slocock4b,tuhndz43
tpashba4c,fehgqg52
jralestone4d,lynykf09
einnwood4e,sqkszd44
aduferie4f,gbixjd18
hfitzsymons4g,glrvlb77
cvaugham4h,uttfcd51
ggilson4i,xpzwhc79
ecrush4j,iphtxz99
madanet4k,sialkn39
lfeye4l,dyhpfm50
lblackford4m,hmqvae25
bdewfall4n,byyvty34
sjoberne4o,zwfvsz36
rkohrsen4p,azrsmk37
rsincock4q,egmymc16
tramage4r,ogednf09
lmacneachtain4s,zdxthw77
lfabri4t,omeymy83
skelle4u,njwavm16
mkielty4v,kdcibl75
gsemered4w,wsdctp61
aphebey4x,awfznz54
jmachostie4y,mrkyre87
agresley4z,luoqpn84
tcorro50,jsutvw36
ashattock51,cfvmwx54
aaddey52,cfprzx07
gmakin53,sftppd14
mmanktelow54,owqczl98
rharris55,ydjjgp00
cpeevor56,pdmthi05
cvasilenko57,rqinsm32
amagrane58,phdlzd52
garchdeckne59,xffwtb82
mduplan5a,kyxsts39
hbaudins5b,ywchva86
ftoten5c,eacmox43
ltodman5d,oirtga02
awoodhead5e,afrkbe17
ckleint5f,fiokns50
btoke5g,exzpyp25
whead5h,esdzde11
vshires5i,rdenud23
blassell5j,bnqpoh61
hdhooghe5k,vthoxi04
aengledow5l,ukzzox84
aleopard5m,hwsavu41
rmckeon5n,ejqqvx08
hderechter5o,qsxlqt33
dbinge5p,iomani54
rhame5q,ssuxsw05
crex5r,rjvfki82
fmeiner5s,rafgms38
dgeffinger5t,iyvaxe35
ctandey5u,vfhjsk82
ldairton5v,pdjjrr65
clongmuir5w,tzoxtm99
cmcinerney5x,bzgtml22
esleightholme5y,zixjpw70
ttacey5z,wocobl63
jgebbe60,khffae23
ebrailey61,wvpslc54
rknowlman62,jnajzg24
mmaria63,twtend25
lrappport64,wdykzk13
rmccarrell65,zbzkci26
dtortoishell66,jliolc45
mstripling67,bjjhjh68
aspikins68,khazcm53
lcrufts69,eiexrj24
mhammerich6a,ctcmvc16
scamilio6b,xmbvnr81
bscully6c,eaqhoe64
fswannack6d,xwtcwq88
mhagland6e,zizjdj81
efincken6f,rrkwll84
bzambon6g,faiqmc41
sseale6h,cgqame17
fbonson6i,nmwisc82
rbavister6j,hanqib38
klackinton6k,npkshe65
cohear6l,zmprow33
mwales6m,sqjqlj24
htreslove6n,vlmbhn40
mpowles6o,ghxynk61
scastagnier6p,gikony35
jkalkhoven6q,fwiksj30
iscimonelli6r,qurxsg58
khattrick6s,nallmt01
glinton6t,lnfwxl90
bellsbury6u,rgjvyn50
bglentworth6v,bebevd50
acockman6w,gtmqef09
cemmer6x,pyxkvh30
fmanilo6y,bprnef31
cshireff6z,rhwxhl96
jdunbar70,olrkun33
ejancar71,cnmiry26
cdonaher72,xevbjk28
mchagg73,zylanq10
adallan74,ydjgfp99
nkelmere75,exvujr18
kminor76,pwgbfy12
bgunby77,lhovfl97
smcgrudder78,wuxlss80
emcilhagga79,ebzeic02
kstothert7a,fdatzk61
lfain7b,vvjmzt68
vmcnelly7c,slyssw52
fcorkill7d,zbzrin16
bcheston7e,brypvz90
nheap7f,iwobxb64
bbreslau7g,kkbtrr57
akort7h,iddebh29
agoodier7i,rklycz94
qobreen7j,eezocd49
pmuino7k,yyolcg81
screaven7l,oiiqcy30
dpersitt7m,qpjcls84
bovise7n,qmcntk81
piacobini7o,gdlchv81
ahulme7p,fhsqhy23
rroseveare7q,vspkls55
tswadlen7r,ohjytw20
dfoffano7s,newyfi25
ispilsburie7t,vyvskh59
wpioch7u,izdwsn78
aschruurs7v,jhbkps29
aclampett7w,lsbhho61
szapatero7x,dpluzb91
lciccottio7y,vltpjc91
jhatliff7z,uacyza63
aduke80,evbihc39
tlegrice81,oqblgo87
beddington82,teuslx81
owakenshaw83,ahdeti10
mlauritsen84,zjszwc93
gbingley85,oiukdm27
sbernardini86,mcopuc67
lmcgrayle87,hslyqm82
cmcwhinnie88,aetnmg33
rbugdell89,pprjsm78
ewhoolehan8a,omogmg45
msheraton8b,arxzwx34
zglowacki8c,czchjj65
sjozefczak8d,fsembq65
mcurror8e,tlsbua02
wtowey8f,oyqfdr54
tnannizzi8g,wzcnnc23
aauten8h,jzberu62
thardan8i,abrwro51
carniz8j,mdgyfr74
blanfranchi8k,jgqssf14
kshout8l,uababv53
hbrogi8m,xtunkf53
sbang8n,bajizz46
jpellman8o,jsylaj33
rtowndrow8p,aanrgv45
mskyme8q,mzhmyp67
vrenfrew8r,fdyndd63
frijkeseis8s,fypjkw56
hcotty8t,yugizy94
akopmann8u,xfneqh30
lmarriage8v,iegfes33
pmuldoon8w,gljqqm57
mtopling8x,esyaxg58
fkattenhorn8y,ztyric91
bportingale8z,wozrwr87
tgarrattley90,baeebi13
aeasby91,zagaqn44
bitzig92,bwjpyy41
fhursthouse93,nxyskk01
csimchenko94,dqcklm91
edelisle95,fkbnfy11
dfulop96,nvmwhw15
zwiddows97,amromf56
aalcoran98,qxaxys98
ehasel99,igxfjv99
cidiens9a,zmsolx69
vtalton9b,lqwmlp72
mgennerich9c,gfqsbz21
keakly9d,gmccbc64
kfigure9e,rbyrkz90
pannell9f,mtuwcx70
ocorwin9g,nzkaot35
creskelly9h,uzhngz38
oschoenrock9i,fnvlwa51
rtottman9j,rmvary95
krallings9k,mlkqxi25
bdarcy9l,mpocvv42
aarmiger9m,uoqikc25
pkettley9n,adojsp19
sviall9o,lgccil62
kraitie9p,whnrhl80
paugur9q,kqjkfi18
bsprasen9r,znswhw92
rlawlan9s,mvwtnv20
aballentime9t,ykunod26
thagergham9u,aqyagd91
kblancowe9v,pllsng24
rgawen9w,lnfaci88
lriccio9x,impqvj84
mpullan9y,hjgtdt82
fsplevins9z,wisqiq97
aflattmana0,rzmiux78
czimeka1,xbdbsq88
bcolgana2,pikndu20
cbarliea3,ubujud44
bmereweathera4,nqrlwz67
lcorkella5,ciizzt45
tsneddona6,fhiexr72
pcrakea7,fmlwyc99
sfoldera8,twyshu58
dlicciardielloa9,lryapu05
jturbanaa,maajbi58
tcaghanab,lgxjsd37
cfosberryac,nchbre32
dredbornad,sikgbm34
eridsdaleae,gwyjvp99
hgrimoldbyaf,iutahz40
smozziniag,vrnlxg14
ldubockah,bplfyl74
galevequeai,vxrzuc26
pmouncheraj,mzrkja79
kturnerak,mcvbjv20
hkneeboneal,idgvaw99
cletfordam,vlviip89
apoynzeran,zcajwz21
hhollowao,viupld32
paxtensap,lpmtxw93
ikenealyaq,twykta16
mferreriar,vfnyvy61
bcarluccias,nkczum88
khassellat,txttrx22
aeisikowitchau,deijwh74
zkiefav,wbdpjj02
mbaylissaw,frputz58
cdurrantax,msvcyn73
qskewsay,zcelni77
ahorbathaz,dowodc72
creinhartb0,pkbxke87
cvostb1,gobdee80
mcroysdaleb2,nxymvp10
btaillb3,tymkad82
bpenellab4,mrfxxo25
bmcgibbonb5,mdtdqr22
croiznb6,jkogho96
bcollinghamb7,yyugzx85
dvarahb8,fbikgb54
chrishchenkob9,yrjkmd99
rwadmanba,tjbfkp22
jbarizeretbb,ylnldb49
dgorgerbc,dblnww16
hlenormandbd,saqrzu88
aalgarbe,zdjflv47
jpentycostbf,ltohid89
cholseybg,lryxiu23
beddybh,njrwyh44
ahebbesbi,apzpxu29
vmcgormanbj,oijsdo46
csimonelbk,xjqthw67
jgiacopellobl,bgfsip64
kwillcoxbm,xaimji82
lhanafordbn,xohwyj89
vboatrightbo,ciyhcr89
gharvettbp,mvnpgx00
bgatusbq,dztnmt76
mebbottsbr,mtrkmk72
jbaldacchinobs,oastve84
rfeatherbt,aguusl74
jpeetbu,qugyko38
bsatfordbv,mvllez89
cjorybw,ylksvo97
cgiggsbx,xvmstg43
pcasariniby,ptidmw79
ckendlebz,ughvfz19
ccampagnec0,tyzwsa20
pbordonec1,bjsgfx53
gsearsc2,tkpuso25
wkyberdc3,ohlcqk72
rdupreyc4,yzmlll91
gholdc5,ecdzlo95
lwoodagec6,qxjvbc22
nchannonc7,zajftu27
kharrissc8,jgxpdv85
aomullaneyc9,jjefxu23
rgilcriestca,fkzzpp97
jpummerycb,ptsgpx41
grockcliffecc,tpdwml05
lcarpentercd,qzrrvv22
aklishince,nlrqgc63
rluffmancf,curwjb31
snonocg,grgiwc25
eeilhartch,rjmand57
bverrellci,qzxfwq44
rtornscj,ycasub49
rtrewhittck,lebthm51
aredhillscl,mcquuq45
jomaileycm,xxifse80
eplakcn,plfobt22
syurocjhinco,gbvwzj44
rdumbarcp,urkdxd09
clarouxcq,qcqcrp10
bbankcr,iqdsfg85
wdiniscocs,ofplsi01
msheftonct,oaqrgm39
manderscu,bndqak45
dgargettcv,ultjaj33
hcapelowcw,ptaehv91
bskelhorncx,fkesfe77
cargentecy,zwsdkd28
kruddellcz,etwtqi41
ctyrwhittd0,hfxbzs50
ycaddensd1,dodaaz12
hneachelld2,azvufc02
ckupked3,stvbwh76
ccantrilld4,apjxzn86
cbonaviad5,ddmvbh02
duttingd6,vstoag98
aleylandd7,lpnlql75
rmoulsdaled8,axsfbt18
gpavittd9,bybaqt39
birnysda,fuivqj88
jcadamydb,tfavvj07
ssiudadc,lonqzz06
kjoiscedd,ggwveg44
aarundalede,tmxgtk81
hbaudinsdf,olkwgk68
vattarddg,xxombz60
skingescotdh,herhiz63
jglawsopdi,drnbul60
cbulterdj,leolis19
wscholfielddk,xncsoe88
nsarledl,peodzs60
dconnuedm,iezcnr80
bbonaviadn,qhwucg09
cbellinodo,tetniz26
holliffedp,fwulte82
dlinkleterdq,bubpao82
sbolderodr,lnwmux58
kvasyuninds,khbvjs17
bmacconachydt,yczupe39
ttchaikovskydu,rytgql45
jrollasondv,eoszrn03
dkleinplacdw,ewmtbp33
kpalisterdx,xjylzn43
jblakeneydy,alugzm63
mvalintinedz,wvpcge68
rbamburye0,hlqspe61
rkirimaae1,zgybfy43
evonaseke2,gfgnbk46
ksterne3,zlxvtn93
lharrale4,hwygbw40
ygiblinge5,eupasw19
fshoubridgee6,fsoeye06
beldertone7,rnqymr88
kshervile8,eycgjv57
ndanshine9,medkpd19
aguiduzziea,szqfyy59
mwresselleb,uwvcuq93
mpendellec,vyebxh97
dkippieed,rblcdk29
cgorickee,lcsbjy28
cbolinoef,rvnvpk37
hreysoneg,yqfsgr92
mclarricoateseh,mnevuv27
ndinanei,mkmfdd05
mcackettej,dokkku54
wdartnellek,cvnsii49
ciacovielloel,mmbkvr38
scarikem,uocpsn34
crameauxen,rvrapw97
rtockeo,qmdvwk21
fbertotep,cdbfmo89
kperillioeq,jqlnxh30
qlinckeer,qwhzny06
brubegaes,qvoeel91
dmenghiet,jdyhht74
vzimmermannseu,hkezrs89
jvescoviniev,eyylzp60
blambdinew,omhymy21
connex,zyozww39
lasaafey,idgnwn29
rresideez,tdxhen38
nbrandlif0,bolhyd25
bpontainf1,entgrt23
idugglebyf2,bxhiik98
yeldredgef3,ytppli83
mshakeshaftf4,jcbhci08
plamburnef5,jeqyha09
nsloamf6,bnllsk68
bmarvelleyf7,euqtei56
ntumasianf8,hqcjrw33
aalldridgef9,worqhh69
prosenzwigfa,zwoezo15
lhenkerfb,rwdlds84
blettingtonfc,odneiq99
mloosemorefd,jvsdwz02
jibellfe,kwprcz90
lcavanaghff,rxfvgp48
povanesianfg,ltljmn67
jkippenfh,arozfy78
ggrancherfi,ffrdoa48
wbuttonfj,rmejor37
amillmorefk,jjtorg15
jcranhamfl,vbwjlh50
oandrzejewskifm,giscxi13
cwagstaffefn,qraovb23
trolandfo,jhtorz82
ocolbeckfp,mdcjvs89
rrickassefq,mfeorc33
akimefr,xgbxjp63
sjennefs,garsbe73
aarkcollft,dhsfwy07
cvictorfu,yepcgy59
scringlefv,icfhtb22
ocarlosfw,wdjbwn38
agianullifx,wesqxc15
mlarchierfy,mvrtlx13
jimpyfz,ukiriz18
lmanuaudg0,yokitd01
lbrutong1,otetff84
bbotlerg2,pxczjw29
brusking3,xmmosk87
dpassfieldg4,zsskoh80
cposting5,onisur49
jwildmang6,bmpuwe93
ceassebyg7,anuczc14
dalmeyg8,bngppm49
rlightong9,cvzgmt27
erobiouga,ytunem58
bpersittgb,etqxqb71
dgeorgeongc,oiqtbc31
lmarcosgd,qggyxt51
rcurgenvenge,ynvcve64
aparellgf,vfqlmb86
aelmargg,ppddej92
ecuminegh,icyeok76
lvondrachgi,pnbjzh16
amorebygj,msmahw59
escarrottgk,wyzsms15
rgarkengl,atomao98
abucktroutgm,ljxkzz09
tyegorovningn,uwzuir54
nmaiseygo,msjrcd69
vbettenaygp,gyzrkd98
jliversedgegq,rkpnyx70
kreygr,nfarzx49
efrancescuzzigs,nlidrm45
jsouthwellgt,pmmxou06
awidgergu,kqtubs64
chugonneaugv,deldzx22
aboikgw,olxjbp20
ggrannellgx,vamgya32
bpryddengy,bwvkof14
cyglesiasgz,fozxas37
ldringh0,itvcph95
rhuggardh1,xlqiwi48
asykorah2,razigu11
apatchingh3,xzpbrn04
kliggensh4,xxzncg90
adoodsonh5,qxvcjl00
nbroadburyh6,rpcgci65
wbaldoccih7,enerpz94
jwaighth8,jiiiba76
mmucklestoneh9,jgfdyf15
sfidgeha,bwflcj72
ajacobszhb,yfbitp91
mlivingstonehc,efoonk54
dheaselgravehd,xxlcjy13
hknockerhe,nbbggm98
bbettingtonhf,azhnhj64
airdalehg,zftfgp33
lgwatkinhh,egwfgc07
bworvillhi,yendkt37
beassomhj,sxgsaz47
sdwyrhk,sgaomu94
bcristeahl,czzvnb97
naimehm,dytoxz21
ccarillohn,ldroqq70
galleboneho,ypmvru71
salthropehp,bldchw12
lmartinsonhq,ziavss60
bstilwellhr,fudyns82
jfaleyhs,sntwnn35
geverallht,kvmxso14
agerholdhu,vfekuf73
tbanghv,zalerr99
qbaishhw,wbvsim68
rallchornhx,ulyarp41
mricciardihy,rjrbrn83
gjosefhz,bykkcj10
bbeezei0,tnlful51
lyabsleyi1,tuogjq83
apensoni2,ctcbvl88
fweaversi3,ahornp28
hgangei4,jzatst56
mhowelli5,rqknut34
clegeri6,hhkgyr38
mlowcocki7,wrtuxc63
irafteri8,thzygt24
rmcnairi9,ablpbz19
ptileria,clucml27
hyeandelib,ffehpo32
rdrewesic,xglofq75
dpaolinelliid,naawpg57
alongridgeie,qjjwki70
gmcsherryif,gprgbt43
dcollingtonig,teqiwn35
qsandyfirthih,vznczu01
gesslemontii,wgxsey50
djanssonij,gyvgqx21
blotwichik,qzmjiv54
cranscombeil,jkmdwx66
adovermannim,mvqfwr22
gcotmanin,jxoyuw95
jmcalarneyio,jivlmc12
uhassellip,yejwru48
cskaceliq,hvdzne24
vchisholmeir,pvbhat81
charpinis,lxxrcr22
sfearickit,ilifiq87
mpaddockiu,ingrcn02
mlodekeiv,wkpzgw76
btoderbruggeiw,diibgk65
sgrishaninix,yfxcje16
jkarpetsiy,ztiqik34
blerohaniz,scgwfx61
tjanoutj0,ykpdln90
tblakelockj1,lguoyg21
ghallockj2,qiqqiq90
hgulliverj3,ejalee33
cbraveryj4,zmdiky83
hantenj5,foqssv43
dbottingj6,yuoiza87
afribergj7,mcjppn97
eminghij8,limaib69
rcrackerj9,kgjgtr53
tdeavallja,oioshf48
blinturnjb,navdrr98
pfribergjc,wbzbor70
cklauerjd,ztlkri55
msteinerje,gurxpz02
sstobbesjf,pathir20
cswetmanjg,jruylw37
ifurbyjh,nefgxy04
blandrickji,qfwyyp31
eandrijj,mmabxe74
dbeafordjk,iblpks58
hchazelasjl,zvdowq14
mruslenjm,djtozh22
gosiaghailjn,brejii60
rortellsjo,epjdfc33
dtaggertyjp,zqwfhx49
mofahertyjq,tgllqw22
welmorejr,iadhkz83
wfarishjs,dbkcip09
sdwelleyjt,wghvza94
rburchnallju,tvbozf62
smiskellyjv,obqisl45
nburgottjw,cqdixw47
pklaiserjx,yyybss23
swaldockjy,aoxwwh71
skullerjz,tjrvbu39
acoronadok0,jvaseh80
smalletrattk1,nykjak14
ldoneldk2,vysdhc21
thaibelk3,hdzntz42
ebreitk4,akfadk20
bmackink5,gqezey85
jsteedenk6,vdftzf68
ljelfk7,rncgzj76
mbitchenerk8,kwulzt53
ljackek9,yuscxs81
kcaserika,jlkwpw54
llaweskb,hzkpad07
bbourdaskc,poysah98
mlympanykd,blhpxb43
lgomersallke,aeilxt57
khaldenekf,dlehyw07
mmapledoramkg,yuujdt11
ptremathickkh,nxzpiy72
jsmealki,rvmguj42
mpresleykj,lpxsaa23
rrabbekk,vgmnms56
blefevrekl,httdeu21
blisamorekm,pohvkk20
vlinehamkn,hsywfa58
jrojako,igpdsk81
areinmarkp,fnhxyj14
nmateescukq,jjirqx78
wmalsherkr,nocvcz71
bratledgeks,ulrris40
mpickfordkt,qmmrno39
jdimmerku,dukmmy24
bgrinnikovkv,hmsuca51
wpavlenkokw,rxugzm13
hsturchkx,cfafdl06
dsnoddenky,wjxmyt54
lcorneliuskz,pqntey75
seadenl0,rhuasp67
vgimsonl1,neaqrq61
wspatarull2,cllevc16
wfairheadl3,nahhoe26
cwalworthl4,lbyrxu79
bortsl5,vzkmyp82
eharmondl6,kpvahu14
spinsonl7,xvdycs90
lsevinl8,svwgrf93
klovell9,eahfly67
lkurtisla,cqqoqw88
fshierlb,padgfs99
ljaqueslc,zawrqw40
icossansld,npcfkb59
gbrakele,glwxyq88
wkiralf,hzneyk97
asileylg,kvsuev34
llandalh,kydlhh01
ebubbearli,ykeiui87
jyeelllj,nnhytk52
agarmstonlk,jzqqwa83
tpiquardll,vcxivs83
hdannohllm,rlqpmc95
apellettln,woajia56
bmithanlo,potiww03
bdallmannlp,whsyol46
aramelq,zbffty15
vschulterlr,wxzrbr90
ekollatschls,sugmqg24
sduferielt,zjealp87
wsmeatonlu,iubksr46
fcribbinlv,kabtfg79
mdasentlw,ikaaij78
gkarlemanlx,jtrwgh33
crembrandtly,appssc79
carntzenlz,brqkku49
jnannettim0,ncujbo21
sosoriom1,tdszed74
kterranm2,ateaqs30
ksommerfeldm3,xtbjai70
gcallabym4,bjopym09
hpatesm5,kdinef82
rcastiblancom6,qrowho69
pgerbm7,bwfosq41
skornm8,kochxl76
cbeinkem9,hleztv08
smitchelsonma,wwsvgd33
ccordeymb,mlicbt00
qweldrickmc,mizhij68
cbootellmd,kitcwk10
jhaggertyme,epgciu40
rlappingmf,bkyabv83
leadsmg,anuula59
hcaulfieldmh,xhfypp39
tklimovmi,hlvpgx60
rbarbeymj,vvnobk44
peroniemk,olshom61
jburstonml,enxoro66
kclinkardmm,jfditn70
cbettymn,bmffgc98
gbridgmanmo,orwhdd18
dshoppeemp,lvhiuo28
iokennavainmq,ojszgy41
gzellickmr,mnkhfc54
rheppnerms,kftwyu17
iiredellmt,dssrqi48
atrembathmu,msllpy02
dlandmanmv,rmzlyd73
gvasyaninmw,wlemmx14
agirkinsmx,zzqchb95
jvintermy,fujkuc24
rtouseymz,zebrfp58
tbraamsn0,effcva22
dmcqueenn1,eakniy48
smabenn2,gidjbc80
ehansilln3,otufom01
mbamfieldn4,wywhqk49
vmacarten5,oovcjk30
csymondsonn6,ftqkio39
jhryniewiczn7,lcjvor46
gtebbittn8,vpdkbz70
ycordeiron9,wozdxt97
idumphreysna,vnwsuo22
ldalesnb,kgbtet34
fgoscarnc,rosxll25
tfortnumnd,vmnkzf78
jdawne,quysas85
gdunsnf,umkcws56
dautinng,kknrga01
btebaldnh,jwlunk49
pspightni,hfzuey89
akleinsmuntznj,kpncux06
hmacdwyernk,snhbem33
edoorenl,zenbtf72
dsauniernm,esefyo07
mkennermannnn,fyghan89
pdreppno,pmcgss26
ablincoenp,quaole27
moskehannq,akvvno92
emacmillannr,msaodg23
kgallafantns,cfrfke60
malbront,buukjj60
staggertynu,dcnedf91
jobalnv,kzgojl77
adukenw,sxmhhp85
ahansemannnx,cicjmd02
lmanlowny,mkoure90
bhallgatenz,lrbpwa42
kspolleno0,vfijqo53
abeggo1,yloled62
lcatheeo2,pzqwyn20
mjosephsono3,lkirhj48
nrivetto4,hbroww41
bbampkino5,ztnlto71
bglasnero6,bvatbc13
lhilldropo7,bionwu42
akinworthyo8,sgqsli59
vhannumo9,czieoy41
gdanielyoa,utvhip15
rdonsonob,bwfdmb73
stabrettoc,svjcei38
rcordobaod,fmjubq44
astedelloe,etbsid62
rciabatteriof,nndagh49
fcocksedgeog,rdodkg18
bguytonoh,bszijq04
jsurcomboi,brnxat49
lfenelonoj,vcufzd14
lglassok,xzllhe66
braffelsol,utmogo37
mallainom,ivjjuk90
jbochon,wmihzz71
ggrushinoo,fxcegw32
eswendellop,cwapha13
skerreyoq,ylpniq88
predheador,bhcczn13
ncasarinios,xxyupx14
mfirpoot,raohrx31
kgriptonou,yyzjuw80
hordishov,amnjjo63
wsalesow,xmctmm30
kscibseyox,xddjag20
rbolleoy,hwpcjo92
zmahmoodoz,viohux78
hbeigp0,emaczg41
podyp1,pomeou92
mpimerickp2,otarpl55
dzamboninip3,bnpern41
rlymerp4,psiick03
ekalbp5,annvbm53
rlunnp6,gjubjg09
rcarlylep7,xqdusb89
lburrowp8,ufjcsk33
dmeriothp9,ierttf08
otungaypa,koiqdf76
glaviellepb,fjcwpa02
hsonghurstpc,jshvhn37
lwalaspd,mcigdj95
tbramepe,rspbev74
bzoppopf,wucvyv42
bskrinepg,agsbuf24
kbartiph,axqfqq62
pghiroldipi,gkavxl25
jpetersenpj,maqblu90
lgiacoppopk,hehzzm19
kbenainepl,tryeqn51
eenochssonpm,hsvudl62
pmannockpn,pyormp22
mcroshampo,zfhmup66
adellenbachpp,intrjp14
emillampq,jtbhqp06
skachelpr,zfycpb02
aswinps,zixmqe02
abudcockpt,oorior45
rplaydonpu,jcxpyv16
wjerschpv,udhliy31
mholtumpw,qutcdt57
spoulsumpx,rwoegm44
bvoyseypy,ufpqqz11
mcaultonpz,lthtgx28
gtrueloveq0,wzmalc37
jdumingosq1,hkkfzm11
ebrinkleyq2,idspwj14
bsilkstoneq3,gesova39
ssavinsq4,haqffl22
qpinckardq5,wzntqe02
ularkworthyq6,gurnmt17
obruyntjesq7,zzolpi40
cmattausq8,noxpwe70
adayeq9,avjpwf08
ascorerqa,ujaegt70
psiretqb,byouxo92
chalseqc,rvjyss02
landrzejczakqd,nuleva36
rlandersqe,uyibey49
kivashnikovqf,zbfgjj53
mkornackiqg,hkierz35
cbarthelmesqh,eisxab78
tlindenblattqi,wtpcgc40
nduchateauqj,dxngyr75
irogetqk,fmltcg59
kbumql,spbyrf47
lsivyourqm,mahiek37
rcrakerqn,ctmxze93
mnoliqo,rvzict13
jcarloqp,wvfouq33
sdresselqq,swtpdy40
tdallemoreqr,nwptnr15
ebuffinqs,ezseoy83
shutchenceqt,qczkgv02
hclemmenqu,uibwcv26
lstellinqv,jhlrme98
rroycroftqw,bnahfn72
elefebreqx,xiapin39
eputtanqy,scazhs09
dcuttlesqz,yeihpc85
igreggsr0,ozdnhr90
eheugler1,qfrwac63
esimmansr2,alqxpu48
rarrolr3,mfvrrt45
gfindingr4,hotfmh21
mattwillr5,iqxwvf55
agleaderr6,mjltzg36
hgunningr7,syzgpp17
srogeonr8,ixmjio82
hhuthartr9,dyzxab46
econfaitra,aolejc44
nwaisonrb,hnkcsg69
cquinnellyrc,dttwev47
dlathamrd,uzduvo34
dbrideokere,hfjmxg75
gmacdowallrf,cwxtzm56
oelietrg,dewkxx38
rbrodyrh,ejezbk69
sfaveyri,toyejl90
tscourfieldrj,nkjgqv10
sinnocentirk,eowafm40
kdimariarl,hfmkdo17
gjochensrm,wrpbus13
meastmanrn,bpfkhn67
alafflingro,ehsatb92
scobbledickrp,alhkeu24
mprobackrq,qjexxe91
mloadwickrr,bczxzv90
