klain0,svodym84
mluberti1,ssadaw46
kletterick2,mbirjm73
bchaudron3,njxngd79
gcamlin4,vbpzug90
qprinnett5,jvlpcd95
shawkeswood6,qejkzf37
cberre7,wxgaiv79
atouson8,kgikey50
mepperson9,mcqxbr58
vdibiasia,mdksqa15
ohaugb,nxufdg57
kifec,qyifpx41
wleathwoodd,tbskmc35
tbicee,zwyycr35
pitshakf,jzjmst66
fkenrackg,rwqunp98
spurseyh,cewfkd98
akolodziejskii,omsbfe91
uflintiffj,dyoufg95
htillek,ojmwtg34
nferrieresl,mhnmkq14
bloitertonm,zahhny88
lcorniern,hdjexc84
bgrelliero,pbcerr42
ezannelip,egemqb69
estratzq,sticil14
fhodginsr,cjskdd29
aduerdens,axskae65
eprantonit,bbdilq49
qpiresu,yskbhb49
ndwinev,saubzc25
koswalw,hxpzpa18
kpaxtonx,vqvdhe32
vvezeyy,wtzgfk93
kmacalpinez,dvhgwr09
mrosendorf10,eknegu06
zfoulis11,brcait78
jgothliff12,hyfafn87
loneil13,ackwqh33
cclapp14,sdcrnw17
dfriskey15,kxhmen70
rstratiff16,xybbmy29
orielly17,pmajjq59
pdawby18,dlgdwk78
iparis19,jeftqu27
mdoret1a,wqwblx91
ekasperski1b,uzstia28
bkeatley1c,pnoqbm36
hcosbee1d,wvnlei08
aferruzzi1e,guasdi39
acattach1f,drktya88
aboken1g,zbrklr38
lgilliard1h,kkiyde84
gpestell1i,xdlojg37
mmcskin1j,uhlrza38
mfrangleton1k,lrjddn61
zgoford1l,rvisge35
astuttard1m,slraxc74
hmcilvaney1n,wpghpt11
aladd1o,lxtxlb23
rlawly1p,lhogxn28
aocrevan1q,dxurst82
mjorioz1r,vkwklb32
tmyers1s,zxmdma00
lehlerding1t,oifzgo17
hkinforth1u,ccwomk43
sramalho1v,zyxudj87
ipudding1w,rvbsnl34
tbale1x,ywsaue54
lbenza1y,vkvzwn02
cvaudre1z,dtcccc04
bbingley20,teenvs21
sledgerton21,ooqewb28
ltwede22,zlztcm29
bbonafant23,omplps52
astaunton24,njxeqi47
cbrixey25,ehldtt86
vgosz26,ffmtlh63
riaduccelli27,bfigpq86
jdonaher28,gsdnnh51
lgarling29,cxwpaq60
egonnin2a,vmnzln09
hbrewster2b,awvdzc37
sdermott2c,nhjqge08
gliger2d,dqlluj34
rscryne2e,hexngw50
jolechnowicz2f,vamvzq16
rleehane2g,zudfxt45
bseverwright2h,scehbo95
storregiani2i,ppsnvi18
erussam2j,dkcvyi07
ebarras2k,jrlvzv52
rjobey2l,midajy14
aebi2m,etgqfs16
lgallyon2n,uinkxq45
lgercke2o,zyzrag18
bvannar2p,cvvpvm01
wbeenham2q,srmorq02
dcummine2r,jcebpt60
nbasketfield2s,wnbdhk07
mpraill2t,xriiut18
mmacmeeking2u,wqakwc17
lkelledy2v,wfemqq58
bboorne2w,rxhaly49
gchappel2x,bzhtxn06
bbattram2y,yjvwrc55
fshilliday2z,ezmtjr25
ccanto30,kxtcan67
msheppard31,wfdzzz59
epurbrick32,yqxlqq34
cobradane33,rkqfdx06
bmcgray34,fpxewp81
krosekilly35,mctxuw18
cdonneely36,ugpeis27
osealove37,yqaeto46
dokey38,hfhkhg00
ielstub39,bfijhw52
adenton3a,rqiici82
bfoot3b,pogoqn39
scorkitt3c,bdvbny15
dpischel3d,xqywlc77
rjones3e,xwdkvh22
ajeffes3f,lvxqyh02
kbarnard3g,qktudn68
ntouzey3h,fqzgjz75
cbraybrookes3i,azxxqr81
ktiffney3j,ovaedh40
aschult3k,dartjw28
hrendbaek3l,fzuzlv38
cbraunds3m,etzewg53
glevene3n,vadlbb43
sgoodbairn3o,boztwj80
rblenkinship3p,zbukir63
hpaule3q,cmfggj37
itwitchett3r,fellks47
ltortice3s,jaiyzz66
rgater3t,qvxbop57
pszymaniak3u,royncy53
dfibbens3v,vthrlm96
mklement3w,bhehtb34
arassell3x,ljqzfy92
vdunkley3y,ebeeoj81
carndt3z,asopln01
oblowfelde40,zsbxoz44
wgammett41,dhtyyb94
satcheson42,tecoxs65
mchisnall43,qrnoca63
emccrostie44,ujmcwy31
bguerriero45,mflcie14
gbrokenshaw46,kjgvvh55
mmettrick47,thxbhl34
lwindus48,bdiwsj21
ebergeon49,wnafbv29
hstoyle4a,gtnlsg20
hyeell4b,tecmdl08
wstuckford4c,cbwqsj47
hswaden4d,iikhpm00
abrumhead4e,rgqvor40
afigiovanni4f,sbpmoj73
bbolin4g,xttrke63
ebridgement4h,ixxfzw60
ssawers4i,qtksaj07
fbodley4j,zwjywf36
ehollington4k,lswcya15
jgoudge4l,dkmjxd15
sedinboro4m,ydysbn87
ntregust4n,trvwes22
rriepl4o,tffakg07
nhallowes4p,vewmfh98
lwhiffen4q,hhhrmn84
midale4r,vpvdra49
dpitney4s,wcycro80
lsetchell4t,omwtnb53
tharle4u,dhyhuk12
lwinfindale4v,bvltom63
dhaburne4w,xhvxnf55
bgirvin4x,qemryj78
omcgeady4y,znslah60
dgroucock4z,ttated61
pmorhall50,ammxfm73
gescreet51,dwjred88
nelderfield52,hwyplc17
jmacknocker53,cwzblq47
mpedder54,grkbdw57
cbruinsma55,rpcvmb37
lbracknell56,rhpezy89
csaby57,feyjoi13
strousdale58,fvyxly79
scalafato59,yudtbn33
tsilburn5a,rwxguz80
jleynton5b,jcqtuv10
twedderburn5c,vrowqd79
lferrero5d,kawdqq77
eburgot5e,viutqw79
egodon5f,nduehy01
lcargill5g,fmkwxu02
ufrankcombe5h,mdiysk02
mkrzysztofiak5i,kacwmv51
ralford5j,aoljsp81
rthoday5k,tsiafb33
hknight5l,ddgtak51
cducarme5m,jlytxi95
tharwell5n,jqljgd56
foolahan5o,xjzdkj70
lcrates5p,pcufpg11
dstanbridge5q,koncqa61
klynas5r,uzefwz10
gmagog5s,rcyvlf93
wminter5t,rpxpbx89
gpitcher5u,tibghk42
jaxton5v,aoigih94
bpackman5w,ewwlvg08
esancho5x,ocfvlc44
tdougal5y,hryjyn84
tdearnly5z,zirbyd44
oodonoghue60,xmeezg51
cbreslin61,qdhvxv87
blinzey62,whdtdq28
mdealtry63,mzrqti57
cwoodthorpe64,pqruvc31
dquixley65,macggn41
sschroeder66,voatzj06
aboucher67,slvopj33
croos68,buukdl40
tevery69,ubxmxd82
fgamlin6a,wnixmg11
kgoodge6b,fnniez36
wdocwra6c,julswn87
lrobertacci6d,elgxvp35
larnaudet6e,pixyfz76
jgirardin6f,egfgsr53
hrosenbush6g,iovkdz02
tbarlas6h,nqkqpr74
anoli6i,ohhzxe16
gmitkcov6j,ukwpqv18
bcrosbie6k,ueamjt94
vbarrowclough6l,whaxdh95
bmundall6m,sftnig98
dsimpson6n,oxauxk92
gmollene6o,dthrja93
fhawtin6p,tyxdpu83
oblyth6q,iuyyxr44
csharp6r,sutegk60
rchadney6s,qqobti61
bdinnis6t,tacdzo66
abrummell6u,mfriqz97
ooughtright6v,olqngn07
gproppers6w,isyipk74
bmeininger6x,mjymde10
xruperti6y,rrxuxo60
mborrie6z,qgbgiv42
kmichin70,ycizgt21
oswannie71,wukuoa09
aomond72,kieyru87
akells73,jwwbpi49
akerley74,lcnryc70
ltynewell75,qhhmqz35
carchdeacon76,fifyvs11
lkeson77,lsxvmw73
bdecayette78,azbwel31
ecalley79,tefdup51
mfidoe7a,qbpclm51
cshreeve7b,iqspgd14
mbeswetherick7c,hnvqjf55
laleshintsev7d,kbwfqi21
bbennetts7e,prvkaf59
cgianneschi7f,uvswir90
omckechnie7g,wjqklu86
rgilchrest7h,hppnfa57
lbourdel7i,ntxamf25
agitthouse7j,xagdcq25
jrobrose7k,elinlg31
mburbridge7l,hfegcm61
lgegg7m,xwfiwu80
alowery7n,pjzxlp06
bperroni7o,cpxrnj13
nlavens7p,oetiyt12
jadran7q,fxvifs88
rrasher7r,ktqjrg59
cpointin7s,bppwql84
edalrymple7t,jxylai09
sscoular7u,bjhzgs05
pjolliss7v,gdqied61
mbatter7w,bzxwym09
gwiddocks7x,xmrzzk85
kjestico7y,yfzvvd95
hbidgood7z,dvpfnv19
jbelcham80,wmhenj91
gdybald81,pvpkps20
deverton82,ndrjay46
tspatig83,rytjfb35
dlefevre84,xmtvuu77
mcoghlin85,xijmuw52
achessil86,ggojmi82
gblague87,rjmzcd29
mpear88,vizcai96
cbirdwhistell89,unqklh40
abonick8a,dawbgn83
laughton8b,xjgjjf26
fgammage8c,sovaie83
stigwell8d,mjabaq53
llantaph8e,vtijno92
nallday8f,nhkcen51
ryarrington8g,kvxefz80
cpottinger8h,hglreu35
beyles8i,nwgxbh86
jmcmanamen8j,imgiwf55
lbigglestone8k,qhqnyw58
sharrower8l,dhsmqa56
aelcom8m,tmeacz12
gladloe8n,uzpzov02
kjustun8o,puvegn23
vsawfoot8p,dqhunf51
bcolthard8q,hfyhvg19
aharmond8r,bavceo82
trhymes8s,jduvtj30
hnixon8t,lnfjyi80
ltrayling8u,etekrf53
sskerman8v,anbtmc04
pjacks8w,phsssg83
hlorand8x,kygdwv89
acalbert8y,osoooi65
jdaulton8z,layvpt40
blonghorn90,drgvae72
vjennins91,qvjgro33
lwolpert92,skdbqq94
bstride93,bxmfvc06
aegar94,ljuorz03
mpasquale95,gyaljs55
bmanntschke96,rjiumw15
babramino97,rxouje47
twheway98,xrlush71
qrhead99,qucwgg76
tetches9a,omppyz27
acanlin9b,fucykt21
dkimmons9c,ejhfzt77
acurrell9d,uvwdsr37
cstelfox9e,dhkvtp27
vvreiberg9f,svhvok46
elonnon9g,tbjgdl15
ndrought9h,nsrsdz14
dbeseke9i,hviymy71
nessex9j,zeimih06
vtowriss9k,riqkpu54
wstorer9l,thameu49
awinfindine9m,fotfpv06
rboykett9n,qlyxpe82
ogrint9o,ovlwgc27
egwinn9p,rurqgw76
biacopetti9q,zvbpmj44
btwelve9r,xvamfl23
ktosdevin9s,xvcuhz42
rarons9t,hkpdwe39
mbennit9u,sgkqpz11
atruss9v,mlyxrh23
bmccaull9w,oyqdfe37
efitzgibbon9x,fkoate68
ffuke9y,rfnxde51
cwhittek9z,czpprj88
cdivea0,ihalxs26
flocknera1,rtzayi42
hsettera2,yvqtra14
tdaudraya3,exeuwv47
dsalterna4,jeppjj39
rmaddamsa5,alytib20
hteligina6,hemkdk58
jjuberta7,ixvqrl56
arolfea8,scxsqf60
aleyrea9,smggfu18
odehnaa,uhmexz97
rmcartab,buweoy02
bgooderickac,azfqnp36
iguntripad,rrchcq18
elangfittae,zsvwol12
gteresaaf,glybor53
krawlcliffeag,ouxfoy98
schinaah,wypklk50
kgippesai,brjjsa43
obardeaj,ltyvet30
wbielfeldtak,smzybj19
wcroydenal,kdukpy60
vcassimeram,auahrw50
icirican,fzrerj70
gstandbridgeao,gsklnw80
cbrunottiap,yxhsns66
elaleveeaq,wuptgu22
dfernandezar,mwxujp53
gbougheyas,onpljj35
apeopleat,ycbbeg61
lgerckeau,bmeszq36
dmaciloryav,qhxssa65
bellwandaw,ittxcd22
smunktonax,tfnrth67
ecreasyay,mhlcut86
aespadasaz,lycyoj98
aauldb0,vjqazn94
dchaddockb1,syjxvr98
sregnardb2,ahgayg61
emacredmondb3,qkzqjs82
abrabinb4,gewvyp76
jarnaldyb5,gdmmyi97
jfroomeb6,tupdze60
csearb7,yuetjq20
gpepperdb8,qmugkc64
mbishopb9,lnskhd40
tbraundsba,ikwsdb14
jkeeganbb,cadeyz33
kfarlandbc,uxeaqx74
pjakuszewskibd,xlxhgu57
icreboebe,bpiyyt57
mcharitybf,ulegzp82
pagatesbg,kjspzf28
tsconesbh,xuscuv85
lgorchbi,vvdnng69
ldeversbj,fuanvr74
kclothierbk,hfvjkf21
bpoulsumbl,pjpnud38
pivakinbm,msnset56
aberringerbn,cgjsja31
sspenslybo,gftdkk31
jmcdougalbp,xokyuh96
hrembrantbq,qctueg65
negarbr,mffmvx71
hsandwichbs,ksswpc32
dfieldenbt,weudno15
fyurlovbu,awagyq19
lrapleybv,lfcfme97
mransburybw,vvbfks81
adulwitchbx,odbgqs88
amuellerby,cdhlxj52
aperseybz,pigukj78
bhillingc0,mkkocy92
asennc1,vffiue33
pgermonc2,qgwpdg86
mfowlec3,qmbdzr37
rcollingwoodc4,dpsaiy58
smerwedec5,arleaf46
cnisuisc6,cxvajd29
pbrozssetc7,lwqczn91
kdiegoc8,yntwdy67
bcrystalc9,nhhjoj97
kfrankissca,bpvfnj44
bwestmorlandcb,fcfkcf16
mlabrouecc,mktjsg57
mfilipiccd,lzktms14
kjandlce,dijfwx95
rdeblingcf,zdxvlx33
sfillgatecg,hvbvpo21
jkimbreych,xmoexo40
gelphinstoneci,etbbvs37
sguyetcj,unvzww35
freeck,gekyik53
mredishcl,ltzzgf20
htilburycm,miizut75
smillecn,hscsuj15
mgabbottsco,qpdfgu61
uvasenincp,touxdd46
sjaouencq,jrqbch45
mmagowancr,ogjsut94
rpelmancs,dxvwxa68
sbrimmanct,japrdh65
pinglesecu,dbbpzv64
abairstowcv,jlxdkt12
gchesoncw,nagful77
cyushachkovcx,uppqoa38
mbrodbincy,rpjtbp06
sgeorgiuscz,ytihsq10
mdisleed0,qawrfa52
rbearwardd1,doaxgc33
galexanderssond2,mbtkrt40
bgarlantd3,cpjphc31
jcrozierd4,sufkua54
jburyd5,dhhbxx23
fparsonaged6,lzdikp19
bwitcherd7,lcyopq03
opattinid8,cllleg01
agierthd9,uhhdwt61
cdebneyda,phftow88
jbearnedb,iocypc93
ebeardondc,bkvgyf82
rnellesdd,sufagf07
yferrode,zkbmlp54
trunnaclesdf,ymvrry62
cellissendg,fudpaq60
mlouedeydh,kxgpem19
bbaybuttdi,nutfsc95
jhallwelldj,tpansl93
sseverndk,qxodpk46
aminorsdl,zkboeb45
tcrightondm,pajnmo79
fspaingowerdn,sojllr84
arusselldo,rdawqy41
wroparsdp,zausbx41
smackeydq,muwffe29
tjeandilloudr,nlpalc61
ewaterfieldds,ytqpur04
abaldersondt,xqcurv68
lrobertotdu,jhhxnc63
sonslowdv,ddowtt37
fcrombiedw,akwprd34
ubattistadx,rkuyty38
coslardy,ypvetf40
sketchdz,kverwk39
ctailoure0,krpixt48
tcounihane1,aqgcxo06
ableythine2,tefdzm94
cpaunsforde3,cdrusm19
cgeorghioue4,pjbxaa88
blawransone5,rdyzwv21
nbaumee6,jpamuy80
mkleise7,dxglcv90
mmcfiee8,yoebrn06
sghionie9,sbikoj58
dbrianea,zwnujk09
cwegnereb,vnuiyu64
ddelisleec,cvfrlm82
sshickleed,prviap09
fdecourtee,nrxukg09
tskamalef,zdrujo66
hcressoreg,yvsedc98
lbosdeteh,xbajeh29
mquesneei,qmpmut25
mcadallederej,htmznk66
ccandlishek,tdblse23
sslocumbel,dplpbv61
bspeedinem,pmzbig40
jsiegharten,pifdof08
carmaneo,qanpwe38
jmarlorep,gvhlir92
vcouthardeq,cxykfu95
ecompforder,mnfdxp43
jboyneses,lawozf37
ftownsleyet,mxeqpm99
macedoeu,tubgzo71
cbeisleyev,bgfurj45
riltchevew,vfbdxv35
tzaczekex,daanen53
jterrisey,ogibxf81
tcoghlinez,pjofgt28
gcockshottf0,fwfhhv35
aansettf1,zqhfzc10
nmembryf2,rpbent04
cbuckamf3,ndbume72
dbrashawf4,aqfxja74
aairdf5,rdjldb80
dkordtf6,qiiibb46
emawmanf7,nbjzmy68
sgoodchildf8,zqakel32
mnatalief9,dlirsg11
ajamisonfa,dsgnkz68
lburttfb,orygty08
jcampsallfc,bgecef25
hfancetfd,znwzpl89
dmackeegfe,gtmsbo41
aforrestallff,iqpvjf25
dbeamanfg,oeipyu40
mhaydneyfh,yoejrl17
ksangofi,fhgznz36
acurranfj,ctxvah33
wsaullfk,trowlr55
rwheblefl,hqcaau51
rianettifm,qlbyzn80
dredleyfn,eeznld29
iricardfo,xqflsw59
aprestwichfp,ttvrss04
esauntfq,tjppwi30
mgebbiefr,cogfvf91
aleggsfs,hnyodo90
cgowthropft,rjylce27
mwarrenderfu,rkpxex77
sfockefv,hwzqro64
eletchfordfw,utredt01
bthompkinsfx,ykzimo80
mrotteryfy,hqoatf36
nmacdufffz,yvamcx92
ecasseyg0,jfeflj60
mmccawg1,xjvijb47
dwillishireg2,mtjagv23
jgagerg3,fjzvyz47
tkochg4,mtsglb64
bgrutg5,wwrhny34
rlarchierg6,walmeh52
mcharplingg7,cfbygy55
sjacklingg8,azjoym92
fmundellg9,dzhtsp61
knorcliffga,oeiaun78
amarymangb,roytui44
rdurangc,oxezhc27
bleandergd,nehvpj80
bstrawge,elqksl95
vsharphousegf,kpmhwp85
bblumgg,risicx21
wcrannygh,qeojyk48
djoslowgi,cvofeg91
achristofegj,qviwdi79
twarrengk,tceqes23
estreadergl,wumqqu50
gbraitlinggm,qguuhy03
psiggingn,zlzqpd89
esnashallgo,ljyiba57
lduckeringp,rpsbyh19
mfearnegq,optvjd85
mgowmangr,brnozx93
spurrygs,cjhhrj52
tfarryangt,wvweqn22
cmaxwailegu,adjzby70
kcornfootgv,rxtrvj80
psehorschgw,yszalw51
balvaradogx,uiyvdk45
mosgarbygy,roaech98
tbrinsdengz,pjmdln05
bghosth0,kggods89
nalcoranh1,trysqt62
lprobateh2,qslpsz49
eiohananofh3,wsjoit62
dgermainh4,rclisz09
feliah5,jwyukx73
sandrickh6,ijpeqh01
amapstonh7,byalon52
mslixbyh8,tchbqv10
emewitth9,nbrtmo62
bcolebyha,dkjmgr50
gtwelvetreeshb,iazqov30
remersonhc,iecngs84
pnelthorpehd,tikwja30
scallaghanhe,cfutmy59
cspearetthf,biakek58
jaizikowitzhg,jtxbdv27
mmarciskewskihh,qbfnld98
bmatokhninhi,njqvfz69
obusenhj,bbcbas62
ashillingtonhk,kkdyee35
jpawlaczykhl,xvdqhi79
gaffusohm,itmppq35
omissendenhn,opsrxg60
astaversho,nxokbr15
csantorohp,niocns84
wgillicuddyhq,obsccb51
scamolettohr,oawbst81
cseagoodhs,banrid28
hweichht,usgiwv26
mpoytreshu,fqhiec03
fhinerhv,mkirce45
mdumphrieshw,mxyshf37
roharneyhx,zbenjd55
tsynanhy,gycnnh75
bhastehz,cqbzbt43
fjozaitisi0,arfdkl67
arigneyi1,oevtxb79
nkarpushkini2,tyzevk22
vjardeini3,jmeegx37
ghastilowi4,nluifd31
sloranti5,fbqczb57
bjigglei6,lsbnti36
vrobuni7,nqetrj51
mvenablesi8,ofnpue53
jcorainii9,pmkaby19
dpaneia,ujnfgg42
kdombib,mslhqq65
eganniclifftic,avccvq59
cbarmadierid,kqznxm78
fislepie,umkuvo24
lbrimilcombeif,ldgmay67
bphilcottig,coepor11
fmilburneih,wiqaip94
wgammelii,opmijp67
gpaddleij,zhlluz78
kguppyik,imwgow97
dblaineil,wxvdsp90
etonbyeim,kqlxpf36
eattyin,nfjsaa18
hsoutheranio,esvvia19
pphelipsip,xyhwul55
dletessieriq,kiuwmi09
othingir,veauby36
bwegenenis,ocbxhg66
hwherrettit,iwnfju50
bdewisiu,uvmdfg71
kclubleyiv,bhojoo26
lhillyattiw,byfjas57
lbudgeix,blefjd98
dfozardiy,pauoic26
cphilipetiz,bqdzql82
nsloyanj0,lgktqw53
msellersj1,ohpvkt50
wrickabyj2,drmssf33
mgrunwaldj3,qxlfhu83
bnotonj4,svamio04
upignyj5,znvapg73
gsteptoej6,qkchem02
wskiltonj7,pihsss48
afoynesj8,kidxtr71
rchatburnj9,xadoxr12
gkinnieja,hushza93
rforsdikejb,usszbo03
fwinfredjc,scmsyh46
rkettelljd,pcnknf52
jbrittleje,ourtor21
htabertjf,qlnwoj02
egrousejg,kuniac77
gsireyjh,msycvf68
enoddleji,naychh66
amerrisonjj,jgdkqj47
aculrossjk,zgdtvp50
clappinejl,zlmhip02
gextiljm,kijjry46
lboltonjn,huwwfm80
jtalljo,fwekof47
rserrelljp,wfyujp43
blimerickjq,rlgtog72
mtinmanjr,kjzavb98
betteridgejs,zplzgq04
msprattjt,twpghm81
hbedboroju,ofinzq57
kcottinghamjv,llwgbj76
sjonasjw,pyqxhj62
wfarrejx,twbspw12
egorsjy,sahsrd77
dsingyardjz,xbdvnw82
efotheringhamk0,vlinjn11
vzannotellik1,hchlsh28
lparksk2,edgslg55
ralkerk3,rjaysn63
mgarnamk4,picvhl30
bfoldesk5,trxzte66
rmoylek6,behnay99
tsargintk7,gczsdg14
ariehmk8,iorlvz95
pagneyk9,bxtmga05
wsentonka,qybexl08
hbaughankb,cgbcum88
phoggettskc,qfrink45
taytokd,psvybt38
jhaugehke,chhjys14
nstutekf,yxwuar68
ffriftkg,bbmuhn18
tdeerykh,mipovl29
kplumleyki,ukxijc15
ndrengkj,zxrnjt70
bbursnellkk,yropcv91
jbrettellekl,avfpfh95
tenstenkm,oupodv10
bscutterkn,ojwsju85
bwhitworthko,ljrkwq47
llindnerkp,ttgijy49
tmilnthorpekq,aytslg84
ksibraykr,oxfcvc71
hwickwarks,beavng73
phalewoodkt,agcvmw94
hscurrahku,xsoccz68
rkigelmankv,bhqjpf06
gbriskeykw,hdjdgi76
acrombkx,gscuxo77
vsidwellky,uefgwh75
rcocktonkz,htcbzf22
rlanninl0,glxklz26
chughesl1,yllxmn80
ddibenl2,wqoina26
fmayesl3,dyskik06
tduseyl4,vuiiuq51
adowniel5,slsrfl94
jbernardil6,znpajw44
kjaxonl7,pbsvqw92
hhousemanl8,kqpvlr72
dcorintonl9,aklgyy16
hdedomenicila,uqkpel91
fkraftlb,vufkjm64
ybetteneylc,dhmhey09
oslatorld,kkijvf99
glandmanle,qiipgt48
lkenyonlf,lbeigb88
erayslg,tmsttx08
fferrierilh,cnszda46
smaddrellli,snkpbq77
cmccrumlj,zxjcna73
hslisbylk,sjamej58
codayll,ktggmz42
ycapelenlm,azfmvs26
bgierokln,urxujj37
cbrewsterlo,rxxkcq47
agerramlp,xtbkjc95
dskipperbottomlq,znniud38
dobornelr,twidoo33
wdruryls,xitbxl65
lrandlt,hcsqkd55
lclapshawlu,saizhk41
dgimenezlv,ppofdt36
sboayslw,nfyjgn99
aaleksichlx,fdihbw71
amccrowly,qdrmso24
nblodgettlz,ovjsep28
jbodem0,gkfwcb26
delgeym1,yaglir69
jalelsandrowiczm2,niyujr19
bstockneym3,evjosv72
rdahlbergm4,cpwrrm84
schildsm5,eudnmn16
cburrusm6,sdxmtj04
fimpym7,abfmap00
dconverym8,czewvs12
lmackernessm9,gaoizf03
jjanosevicma,jxnuzy74
sogilviemb,fsxfun34
wlargemc,mrhldp29
bshurmanmd,nykzrf88
hledekerme,rdszrh64
nraesidemf,dpwpgb63
ahallmarkmg,rbvilc85
lcongrevemh,uuvnsz77
oantwismi,vsbsji22
troughmj,gqxkzf92
mdarbishiremk,woysxv29
vsommervilleml,jptcvj33
pmcgaheymm,hngxwg79
swalentamn,vvpoiz89
gtuftsmo,opgccy38
spatemoremp,dioizl33
nclamptonmq,fkrxvz79
jpimlottmr,aszyzp57
ltosneyms,cedfxh01
sdodgshonmt,edawjd60
fsentenmu,fzqzss21
cwaindmv,blwejb57
dblydenmw,pdgicp06
rdoblemx,nieicw13
emidsonmy,fdgnvv94
ntackesmz,qjnlsa34
bfreddin0,gkmcjq89
rgingelln1,eskwko00
bmcgreiln2,lmpbmj56
rgniewoszn3,rnfiqu35
istollenbeckn4,fqmhvd63
edumbletonn5,tqclaz94
eseifenmachern6,quhwez08
rmundayn7,wpcmtu90
khriinchenkon8,qcesxd50
jselln9,xtbdjv41
fdurradna,ebnrpg18
bguillilandnb,hcvbyt63
bkreutzernc,xbsftj61
robradainnd,yrsnre32
hbrislawnne,lymdmr39
sbygatenf,eymtgu97
ogomersalng,mygafh82
codlinnh,hnvezw13
fcrossdaleni,dcpmjs94
avolkernj,umeari39
ereinhardtnk,xbxlkd28
cbraisbynl,jbuaij90
mackeroydnm,vokwqr53
eharsantnn,ulyewf05
bhutchingsno,apnlfn53
cessamnp,gevnjr42
thartellnq,usivhe30
ebearhamnr,qgjrnc59
cenderwickns,tulolq69
fcraiknt,psaqyp50
hnealynu,hjxeez51
scaplinnv,wvknsm70
jpadillonw,qkvtcu89
iwormaldnx,ndhfff56
jmceachernny,qiowzb16
dcrosernz,podomx53
bbassfordo0,lmwdce82
nmccarryo1,rwsqna16
cvokeso2,ilflyu19
jfrancombo3,tvblew09
mbristoweo4,ijppvk71
rlocketo5,kdoblq36
asayleso6,aqqhks33
vpinkeo7,zpgsjt49
rcraino8,yrjefa40
braviliouso9,cqsoul73
mmccheyneoa,ikactm55
critterob,pvolqt95
wlackhamoc,hgnnca57
lambrogiottiod,wekfkg97
nproswelloe,jsosks53
mbellwoodof,cqnbfc41
osimcockog,tyupsy54
mmacgillespieoh,gwtjxx22
bmounceyoi,odfkxp26
pchaldecottoj,tieegj73
cbrattanok,lnntne90
wweymanol,grayhx67
hweichom,tigvpd23
bgiddinson,orhibc26
awittringtonoo,hdjjqp70
estandleyop,qmnhyn97
jgoftonoq,jwawtl34
ehorstedor,qxuniw29
ahouseleeos,ufhqan39
cbasiliot,jwbhuu57
lfilippoou,payuon99
rdabrowskiov,fhxiyr52
sjanosevicow,fdabhx68
cbrabhamox,bfdgms04
lkiraoy,ondyzt32
egarlingoz,yctkha85
itabourinp0,zdqufs83
jmcfarlandp1,kvmmen58
sdigiorgiop2,eqvvmf90
jmonkp3,slbyme55
smccotterp4,xglvhb98
mgiaomozzop5,ngftfi94
osywellp6,ceqpbm70
wleggisp7,vysgdm24
ocosbyp8,yvaihy34
lhambeltonp9,ojtuqn30
cweinbergpa,tqqqdc93
ereinbachpb,lnnqup02
ssigartpc,uadqhl14
lnicklenpd,ohnaoi54
dchretienpe,ffoxil00
velleringtonpf,ewlkkz01
eswinyardpg,jtuabk90
ckubasph,hrzkgc33
spadrickpi,bzhcrc82
hpaviapj,hkqnfr76
iloadepk,qoeaxv82
asalvadoripl,dyhqxs90
ahainningpm,hnmrse31
kpavlatapn,azdblz20
tandrisspo,ppbwxw17
edrysdalepp,rhvcao64
eduriepq,cqnbtu70
svaninpr,nrpjee92
adybellps,dwbuwm97
spolkinhornpt,iynesg44
eszabopu,udhwlq20
koakhillpv,zeozdk66
rgorellipw,txjfue16
frodwaypx,sqxeze09
kwetherspy,ehhdug87
mgrouvelpz,bxvhox15
bcossarq0,ntekcc33
tcorreaq1,ojiaea40
dfargeq2,nepqnh39
amyottq3,lyreoh32
lduftonq4,gagfbq97
gkubczakq5,ouszoh57
socloneyq6,kcavie43
khinderq7,oxuizc99
vlindelofq8,alkkfa19
mguichardq9,aeirvv82
istelleqa,prjoon09
lyeldqb,yzbshh27
mellisqc,ricalg21
rskyrmeqd,zlmdsa44
nachurchqe,iiamdf56
gcornilqf,zbppai25
drevieqg,ejcugr95
omassenhoveqh,byeonk77
tmobiusqi,pohnvp22
htapnerqj,pwvoos25
bconeyqk,chaooj18
alungql,tbfkro91
amatusovqm,cemqjv64
kchiommientiqn,bkobjh92
jklimkoqo,ahuuti90
nwinslettqp,mdhcap61
mdecleyneqq,smhmhp24
lalldredqr,faektg42
lblaesqs,inrhjy76
dcollyearqt,pcaetp70
jthomasenqu,bebpom27
lfirmageqv,sunzcm69
flaurenceqw,qqicsm83
mlaugheranqx,eucddw14
fspittleqy,tivdma15
ccheakqz,fjdgrg08
bastallr0,wbgycq85
ajeffreysr1,woinal96
gtongr2,qnkjkf19
mgodboltr3,gzrygw37
pgrestyr4,cbuqlp52
gaikenr5,byagfk06
ofilder6,omzhab19
tlangerenr7,odnheq47
agoodwellr8,avxhzw60
amountjoyr9,nvbbax71
cfrerera,invoxc77
obrachrb,qdjnsu53
egoodsellrc,bjjbct36
sclubleyrd,yoovgx76
fruddockre,torzzo08
arobkerf,mrqklq25
aoldfieldrg,kozfgh26
apietersrh,ishcse64
ielsmoreri,gxnrwq30
kgynnerj,jzcwlh27
frhubottomrk,xoxcqb48
xwassellrl,jzwvvr74
bramptonrm,vmsrij06
amaypotherrn,xadycq77
bscobiero,qcjujx55
fmccathayrp,afeaov26
ccordeletterq,rfammb77
kmussenrr,xmwprk04
